,id,document,predicted_label
1,                형주              ,커즈와 드디어 이겼네칸나와 우승했다페이커오늘 고기먹겠당,0.47289252
2,                우우가가우가가              ,갓정수 시즌내내 실험하고 있던거 ㄹㅇ입니까순위권 유지만 하고 실험하다가 결승은 뚝딱ㄷㄷ결승전에 실험결과 제출하는 거 보소ㅋㅋㅋㅋ젠지 박탈감 심할듯ㅠ,0.07477215
3,                양우혁              ,페이커 경기 합데스 단 ,0.35866478
4,                고승표              ,결승 보면서 티원 팬인데도 젠지의 밴픽과 경기력에 대해 안타까운 생각이 많이 드는 게임이었음 작년 스프링 결승처럼 판테탈리 바텀조합같은 특이한 픽이 나온것도 아닌 더 좋은 픽들이 있는데도 의문스러운 밴픽이 자꾸 나온듯,0.35377273
5,                이태하              ,여러분은 누군가의 소확행을 보고 계십니다,0.81879526
8,                차니              , 다들 제 각각 해설 하다가 한명이 티 하니까 다 같이 원 하는거 왤케 웃기눜ㅋㅋㅋㅋㅋㅋ 티원ㅋㅋㅋㅋㅋㅋㅋㅋㅋ,0.6786004
9,                연제혁              , 그의 대회텐션 ㄷㄷ 이게 매력이지,0.4123999
10,                이상곤              ,결승전페이커 데스커즈 데스테디 데스 ㄷㄷ,0.5190789
11,                정병관              ,테디의 비공식 펜타 너무 아쉽다 펜타킬이었으면 더 좋았을텐데,0.6701216
12,                Sehyun Kwon              , 아니 이 체력에 점멸 안쓰고 그냥 무빙으로 피하는 베짱 ㄷㄷ,0.643409
13,                훌라훌라              ,아니 웃긴게 트레쉬 토크를 을프랑 엠바션이 함 ㅋㅋㅋㅋㅋㅋㅋㅋㅋㅋ,0.20868582
14,                김용진              ,  으로 빨리 이기고 회식하는게 저의 소확행이에요,0.8739959
15,                SH C              , 오늘도 전기고문 당하는 김동준,0.26868886
16,                박진              ,페이커  저는 클라이드를 만나면 전투력이 두배 상승합니다,0.60504663
17,                엔지              ,거의 젠지콩는 까야 제맛이지 수준인데 는 항상 젠지만 만나면 전투력이 배는 오르는거 같애,0.038368315
18,                고수              ,년넘게 전세계를 휩쓸었음에도 불구하고 패배에 분해 눈물 흘릴줄 아는 진짜 승부사 페이커 그리고 그 눈물을 원동력 삼아 한층 더 성장한 페이커 레전드 네버 다이 영상을 보면 아직도 소름이 돋고 너무 멋있습니다 페이커선수가 은퇴하기 전까지 그 뜨거운 승부욕 보여주시면 감사하겠습니다  살아있는 레전드페이커 선수가 다시 롤드컵을 들어올리는 장면을 꼭보고 승리의눈물을 봤으면 좋겠습니다 페이커선수 화이팅,0.9983753
19,                뀨꾸꿀뀨뀰뀨?              ,커즈 진짜 맘고생 심했을텐데 우승으러 모든걸 털어버리고 우리 롤드컵까지 우승합시다,0.2485187
20,                Jong Su Choi              ,김정수 감독 이정도면 롤드컵 청부사가 아니고 그냥 강팀 제조업체 대표같다 ㄷㄷㄷㄷ,0.6438246
21,                장세웅              ,진짜은 어디까지 올라가려나의 우승페이커우승,0.26772976
22,                끼이요옷              ,오늘  다 잘해줬는데 개인적으로 커즈가 오늘따라 빛나보였음 전엔 칸나가 빛났다면 이번 젠지전은 커즈가 빛나보였음 젠지 벤픽을 보면 경기 다 정글쪽 저격벤이 많은데 커즈는 오히려 존재감 뿜뿜하면서 지각해서 벤픽개 날려도 경기 퍼블기여하고 경기 스틸번하는거 보고 ㄹㅇ 정글대통령이 맞구나 생각했음 아무튼  젠지 둘다 수고하셨습니다,0.480809
23,                박바삭              ,  칸나로얄로더  완승  정글대통령 커즈  세트 밴카드 개 상실,0.1116395
24,                lemonade 616              ,커즈님 포옹하는거 너무 귀엽네,0.9642353
25,                누둥이              , 침착해 침착해,0.6915833
26,                jk j              ,선수들도 진짜 대단한데 감독 역량에 감탄하게됨 진짜  킹정수,0.9059384
27,                해바라기 오태식              , 젠지에 사람이 없다고 말하는 용준좌,0.2520321
28,                정수환              , 우승 커리어로 성작을 하는 팀과 플레이어가 있다 뿌슝빠슝뿌슝,0.46302596
29,                정주현              ,울밥대전 울프 압승 ㅋㅋ,0.79812574
30,                매미맴맴              , 에포트 마지막까지 바론 못가게 막는거 왜케 멋있냐 ㅋㅋ ㅠ저게 서포터다 진짜,0.9856802
31,                ᄒᄃ              ,  에포트반응 미쳤는데,0.4287435
32,                김영민              ,  ㅋㅋㅋㅋㅋㅋㅋ칸나 트름하고 멋쩍어서 웃는데ㅋㅋㅋㅋㅋ나만봄ㅋㅋㅋㅋㅋㅋㅋㅋㅋㅋ,0.27015284
33,                최진영              , 거 졸렬하시네 포킹 좀 그만합시다 그쪽도  월즈때 졸렬하게 하시지 않았나요,0.42871055
34,                퇴족구              ,밴없이 세트 이겼다 ㅋㅋ 솔직히 예상했음,0.070376664
35,                JW C              ,뭔가 은 매 스플릿마다 리그 내내 설렁설렁하고 실험하다가 토너먼트에서 본인들 플레이에 확신이 생겨서 다 박살내고 우승 먹는 것 같네 근데 그게 존나 까리하게 멋있는 팀,0.03349352
36,                우오              ,미드차이ㅋㅋㅋ,0.7121706
37,                ᄂᄂᄂᄂ              ,이번 시즌 유행어티이이이이원,0.35409927
38,                부랄스타즈              ,젠지가 등진출이라 대떡은 진짜 예상못했는데 이 초반킬을 조금 당해도 운영오브젝트에서 상대가 안된다 이대로 월드챔피언쉽 우승 가자,0.38466656
39,                정환              , 아니 에포트가 오더 계속 하는거였어 ㅋㅋㅋㅋ 완전 다른사람이네,0.4700011
40,                트오              ,김정수 감독삼성 겔럭시 롤드컵  준우승 결승롱주 게이밍 롤드컵  강 롤드컵  우승 결승담원 롤드컵  강 롤드컵  결승강결승강결승,0.20605588
41,                갓백수              ,설마 젠지가 한세트도 못가져갈 줄은 생각도 못했음 오늘 티원 너무 잘했다 ㅠㅠ,0.12552804
42,                지구              ,오히려 이 위한게 한수 위였던거 같음 디얼엑스 경기때부터 폼 많이 올렸는듯,0.7285693
43,                wiewoei oiful              ,칸나 세체탑이 될 조건은 다 갖췄다 애니 부터 눈물과 데뷔시즌 우승 매드무비 볼때부터 알아봤다 아주 크게될 선수다,0.6465636
44,                Test              ,그렇게 그의 전화번호는 지켜졌다고 합니다,0.38909936
45,                머쓱타드              , 강타안쓰고도 먹는 그는,0.3728097
46,                xx GG              , ㅋㅋㅋㅋㅋㅋ 테디 개귀엽네,0.8948355
47,                나다              ,테디 진짜 ㅈㄴ잘해 ㅜㅜ,0.80850285
48,                부우              ,치킨 오기전에 끝나는건 너무하잔냥,0.21791458
49,                내오형              ,오늘 커즈는 어디에나 있었고칸나는 어디서나 단단했다,0.24428788
50,                *시스이의왼쪽눈깔*              , 저게 프로다,0.37716088
51,                김민석              ,페이커 작년에 손떠는거 보고 많이 슬펐는대 올해 주년 롤드컵에 황제의 귀한 레전드 귀환 보여주자,0.92592597
52,                삼성충jhj              ,이건 도 잘하긴 했는데 실력차이 너무났다,0.106770754
53,                아!?이폰?              , 님 너무 상심하지마요상대가 이잖아ㅋ,0.16260749
54,                양명성              , 팬티 뭐임,0.10519287
55,                김동원              , 에포트 그의 타워사랑,0.92551965
56,                선우그란데              , 항상 벤픽보면 팀이랑 전혀 안맞는 픽 한번씩해서 좀 그랬는데진짜 김정수 감독은 을 너무 잘아는거 같다,0.27024937
57,                레드와인버건디              ,롤드컵 타이틀 가지러가자 이제,0.22138876
58,                류민혁              ,전문가들  이 대부분 티원압승예상 난 팬이지만 솔직히 좀 쫄렸다 분명 젠지도 엄청잘하는팀이니까 솔직히 내부사정은 모르겠는데너무 대놓고 룰러의존픽 너무심해 룰러잘하는거알겠는데 그렇게까지 룰러만봐라볼 팀인가 해설자들도 벤픽할때 계속 끙끙앓더만 벤픽이 클템은 수습하게 바쁘고 긴장연출할려고 희망고문계속얘기하고 비디디 플레쉬랑 궁 계속얘기하고 제의 팀이봤을때 젠지 벤픽결국은  재미없는 결승 중동메타그래서 세트 다짐 세트는 애들표정보면 걍 멘탈다나감,0.029975414
59,                hh H              ,결승전 하이라이트가 무슨 분이 안되냐,0.11290985
60,                이우용              ,은 일간에 준비한게많아보엿지만 반면 젠지는주일이라는 비교적오랜기간동안 준비한게 없는느낌,0.34562024
61,                버거찐찌              ,경기전 엠비션 중계인터뷰에서 차이 이러더니 ㄹㅇ ㅁㄷㅊㅇ로 떡발렸노 ㅋㅋㅋㅋㅋㅋㅋㅋㅋㅋ,0.1698491
62,                유호창              ,ㅋㅋㅋㅋㅋ에포트 마지막경기까지 넥서스 치는거 개기엽네 ㄹㅇㅋㅋㅋㅋㅋㅋㅋ,0.66457814
63,                송의준              ,앰비션이 맞았다ㄹㅇ 비디디차이으딜 다전제 한테 비벼,0.4316581
64,                걍모름              ,페이커 폼 미쳤네 ㄷㄷ,0.16886654
65,                김상연              , 우승 축하드리고 젠지 분들도 수고 많으셨습니다 올해는 꼭 팀 다 롤드컵 본선 가면 좋겠네요 응원합니다,0.9802473
66,                서가              ,  잡자잡자잡자에포트  미안해 끝낼게,0.12628406
67,                동혁              ,비디디차이,0.34474504
68,                허언왕김진실              ,스크압살 예상했는데 진짜 셧아웃 시켯네 젠지는 시즌초부터 결승까지 픽이 똑같네 이러니 스크가 압살하기 쉬웠지,0.0783917
69,                고승윤              , 칸나가 질리언 폭탄 달린 미니언한테 텔 써서 웨이브 유지하는 깨알 센스,0.75266546
71,                류진현              ,우리 상메 파랑머리 염색 가즈아,0.4765249
72,                Karin              ,ㅠㅠㅠㅠㅠ 넘 아쉽다 플옵 시작부터 티원 너무 급격하게 잘해이번엔 젠지 우승 진짜 보고 싶었는데 ㅠㅠㅠㅠㅠ,0.8240992
73,                INCHEON GAMING              ,일부러 등을 안하고 경험치 쌓을려고 킹정수 당신은 대체,0.17006037
74,                H Choi              ,결국 올드플레이어 하나 명장 한명은 있어야하는게 아닐까 앰비션이 룰러를 빅게임 헌터라고 했는데 앰비션 니가 있을떈 그랬겠지 라는 생각이 드는 결승이였다 코르키에 위축돼서 아무것도 못하는 세트 세트는 이미   아쉬웠을 따름,0.038067847
75,                Haesung Song              ,치킨이 식기 전에 적장의 목을 베어왔다,0.564885
76,                6시간전              , 킹포트 어그로 다끄네,0.42791486
77,                도날드덕              ,초 클템ㅋㅋㅋㅋ안녕 난 테디라고해ㅋㅋㅋㅋㅋㅋ,0.76828074
78,                김딱지봉지              ,칸나 오른 플레이 너무 멋있다 진짜,0.87757754
79,                김준홍              ,아니 번중 승이면 아무리 티원이라도  페이커없었음 연승 했을까페이커 티원 그 자체,0.15161744
80,                프로젝트:파이크              ,페이커 롤 커리어 ㄹㅇ 지리네,0.41517445
81,                전진              ,결승만되면 짐승이되는팀 ㄷㄷ 그이름  협곡,0.18338221
82,                정원준              ,ㄹㅇ  경기 보면서 때도 그렇고 초반 부진하다가 중후반에 일어서는거 보면 진짜 뭔 저런팀이 다있어 라는 말이 절로 나옴,0.68226475
83,                현대아파트놀이터그네1짱엄준식              ,앰비션 울프 트래시 토크 올려주삼,0.59572005
84,                망곡분석가'이승              ,왜 젠지는 한테 졌을때 밴픽이랑 달라진게 크게 없냐 픽만보면 그 준비기간 짧았던 보다도 준비를 안한 느낌임,0.34833845
85,                빗자루              ,안녕난테디라고해 ㅋㅋㅋㅋㅋ,0.8640315
87,                츄츄              ,자 그래서 이제 누가 최고의 미드지  ㅋ,0.90307915
88,                버미              ,압도적이라 노잼이었지만 슼이 이겨서 기분좋다 롤드컵 우승가자,0.08535209
89,                김재원              , 아니 소리지르는거 뭐라고 ㅈㄴ웃기냐 ㅋㅋㅋㅋㅋㅋㅋㅋㅋㅋㅋㅋㅋㅋㅋㅋㅋㅋㅋㅋㅋㅋㅋㅋ,0.114671886
90,                용용용              ,진짜 이번 경기에서 다시 느꼈지만 이전에 페이커선수 혼자 플레이메이커미끼 할려고 고군분투한 느낌이였는데 그러다 몇번 죽고 힘든적이 많았는데 이번에 테디선수가 아펠로 앞에서 미끼플레이하고 살아가는거 보고 호응이 잘되고 한몸 된듯한 느낌을 받아서 정말 좋은 경기였습니다,0.9538722
91,                Sch Ash              , 미안해 끝낼게,0.057623893
92,                시스티나              ,진짜 너무한거 아니냐 ㅋㅋㅋ 뭐 버그냐 도대체 다전제 결승만 가면 무슨 괴물들이 있냐 ㅋㅋㅋ 일부로 장난치나 ㅋㅋㅋ,0.013409466
93,                Playboi Carti              , ㅋㅋ,0.6446758
94,                장시온              ,진정한 승리자 ㅇㅅㄴㅅ,0.7494747
95,                김정환              , 과 차이코치진 차이벤픽차이ㅌㅊㅇ  ㅁㄷㅊㅇ ㅈㄱㅊㅇ ㅂㅌㅊㅇ,0.23323542
96,                Kuzma lea              ,이런밴픽을짜는 감독을 베스트코치로 투표한사람이있다,0.28743267
97,                minus IN              ,사전 인터뷰는 안올라오나요 강찬밥 페까랑 퍽즈,0.6337451
99,                쿠고로노마              , 어디하나 빠지는 라인이 없네 ㄷㄷ,0.23147309
100,                EXHAUST-MEERKAT              , 같은 탑유저로서 이 장면이 탑은 어떤 마인드로 해야되는지 알려줬다,0.3605507
101,                김민지              ,문우찬 안기는거 귀엽다,0.9260496
102,                안재현              ,세트에 볼리베어 있는줄도 몰랐네 ㅋㅋ,0.43029624
103,                서채환              ,오늘 커즈칸나 존나 잘했다,0.6460608
104,                6시간전              , 허접허접허접허접허접,0.0026018023
105,                하루과학              ,하체게임만하는 젠지는 상황에 맞게 조합과 플레이 스타일 변모하는 을 이길 수 없지,0.25055403
106,                Tleod Shim              , 그의 환한 미소,0.9056308
107,                진채채              ,테디 비공식 펜타 에이스,0.7160329
108,                망고망고              ,와 페이커  어느구간에서 봐도,0.50157523
109,                김준영              ,지금보니까 은 다 안경쓰고있네,0.599931
110,                박대훈              , 에포트 플레시 그랩 ㅋㅋㅋㅋㅋ 위치 진짜 개오진다,0.6717827
111,                YS P              , 상혁이형 입 모양 넘 귀엽누,0.72340924
112,                정진송              , 타워치는데 미안하다고 말하는 상메와 커즈좌 너무 착한거 아니요ㅠㅠ 광광,0.6914651
113,                asdf qwer              ,ㅋㅋㅋㅋ 비폭력제이스에다가 배신자 처단,0.5404891
114,                박보성              ,단주의  정말 축하합니다,0.8555257
115,                키히니segsihyoni              , 테디아나이싸아,0.6668128
116,                김경태              ,비디디 마지막에 우는데 너무 안쓰럽더라 이기고 빠커 번호 따가겠다고 했는데ㅠㅠㅠㅠㅠ,0.51653147
117,                eugene Choi              ,커즈가 매 라운드 미쳐 날뛰고 라이너들도 정말 집중력 가지고 잘했다 페이커도 언젠가 은퇴를 할텐데 페이커 없는 은 메시 없는 바르셀로나 같이 어색하겠지,0.38361868
118,                don't come to me pop              , 잊지않겠읍니다,0.9523918
119,                쏘쏘              , 아 나이뚜 ㅋㅋㅋㅋㅋㅋㅋㅋ 행복롤,0.8145032
120,                멸치칼국수              , 해설들 ㅋㅋ 예측 ㄹㅇ 똥 인정해버리는 결과 너무 좋구요  무시하더니 너무 좋구요,0.55705106
121,                김시우              ,너무 압도적인 경기력이라서 결승전이 아닌것 같더라,0.9234725
122,                단결              ,밴픽이 문제가 아니라 걍 실력차가 너무 심함ㅋㅋ,0.13888559
123,                DaeCheon Choi              ,누구나 부진은 있는법,0.49602184
124,                김문선              ,커즈 이기고 나서 깡총거리는 거 왤케 귀여워ㅓㅋㅋㅌㅌㅌㅋㅋㅋ 이번에  다 만족한 경기같아서 좋다ㅎㅎ,0.98912203
125,                Pau L              ,ㅋㅋㅋㅋㅋㅋ  원딜의 외침,0.6173996
126,                이종혁              ,한마디로 팩트있게말하면 이 잘했음,0.61345714
127,                김효찬              ,영상요약  우우웅 쾅,0.24944958
128,                염라아저찌              ,테디 너무 귀엽다ㅏㅠㅠ  나이따,0.87559354
129,                김본              , 난 이때 오른 옆에 누가 있는줄,0.7971626
130,                안혁주              ,개웃기넼ㅋㅋㅋㅋㅋ 영상 보면서 제일 많이 듣는 해설이 뿌우우랑 이다 ㅋㅋㅋㅋㅋ,0.5580285
131,                Ku Koo              ,폼은 일시적이지만 클라스는 영원하네 스크,0.89276135
132,                정지호              , 아ㅏㅏㅏㅏ아아ㅏㅇㄱ 오 오오오ㅇ 아아ㅏ아아가 시끄러워서 못보겠네 ,0.31445423
133,                JiYong 33              ,재평가,0.94121623
134,                꽃가람              ,커밑클,0.42343527
135,                꽃동네원이              ,젠지 이상적인 조합 뭐지라고 생각하게 만들지만 역시 인 조합,0.7549231
136,                내가상기다              ,같은 아지르 다른느낌,0.1183418
137,                래포키              ,  취한다 크으 영원한 팬이자 페이커 팬이다 응원합니,0.9512514
138,                김원기              , 클템과 다른 사람과의 차이 질리언 터지면 한타 못 이기는걸 클템은 알고있지만 다른 해설이나 캐스터는 무작정 싸움 일어난곳만 보고있음,0.25776857
139,                이종필              ,칸나 커즈 진짜 잘한다 ㅋㅋㅋㄲ,0.47980094
140,                [Animator] Kyle              , 그와중에 커즈 어시 없누 ㅋㅋㅋㅋㅋㅋ,0.12864551
141,                서진형              ,앰비션비디디차이하더니 미드 정글 촤이 비디디 차이네 ㅋㅋ,0.31334126
142,                쏘가리              ,우승청부사 킹정수,0.3217612
143,                제닉스              , 오른 너프 좀 저게 챔이냐,0.63108563
144,                june              ,이거 너무 잔인한데 노딱 안붙나,0.036710322
145,                헉헉              , 와 핑와 ㄷㄷㄷ,0.80832905
146,                SEONGHYEOK GWON              , 진짜 너무 좋음ㅋㅋㅋㅋㅋㅋㅋㅋㅋㅋㅋㅋㅋㅋㅋㅋ,0.9152818
147,                정재원              , 테디 비공식펜타,0.64778185
148,                아잉눈              ,미쳤네 ㅋㅋㅋ바루스 딜봐라 너프 각이네,0.29426858
149,                정택운              ,이 이길줄 알앗다,0.17139596
150,                ᄋᄋ              , 해설자 흥분,0.22046703
151,                이일이              ,  차이,0.25521934
152,                Youtube엄준식              ,세트에서 커즈 강타싸움 진짜 레전드 ㅋㅋㅋㅋㅋㅋㅋㅋㅋㅋㅋ,0.79379237
153,                김진재              ,이 이끄는 시즌엔 롤드컵을 기대 할 만 하다,0.6247335
154,                Cliff Chu              , 안녕 난 테디라고해,0.7573407
155,                고태영              , 아 나이따,0.28197598
156,                Criticcal Patrick              ,역대급으로 시시한 결승이 되었다,0.36532342
158,                이주영              ,개인적으로 이번 시즌  전체적인 조화가 너무 좋다 전시즌 보다,0.98622805
159,                동수              ,뿌우우우우우 개웃기네 ㅋㅋㅋㅋㅋㅋㅋㅋㅋ,0.49985737
160,                민훈기              ,동준좌 카시궁 여러번 들리네ㅋㅋㅋㅋㅋ,0.9112644
161,                김상우              ,은 다 빛났는데 젠지는 한명도 안빛난듯 진짜 칸나 커즈 페이커 테디 에포트 다 완벽에 가까운 경기력 는 상대적으로 선방한거였네,0.857767
162,                100 5              ,해설 개웃기네 ㅋㅋㅋㅋㅋㅋㅋㅋ,0.10139823
163,                빨리보틀 palli bottle              ,칸나 커즈 왜케 잘하냐,0.5703887
164,                풍악              ,에포트 파랑머리 확정,0.64050716
165,                ᄋᄋ              ,  질리언 질리언 솔직히 좋아해,0.719182
166,                Timothy Lee              , 이거 어째 맞추노,0.071517676
167,                귀요미              ,이 김뚱감독 오더니 ㄹㅇ 스타일이 확바뀜김뚱 ㅎㅇㅌ,0.44373792
168,                얍얍              ,도 잘했는데 젠지가 ㄹㅇ 밴픽 너무 멍청하게 했음,0.03169626
169,                몽몬차차              , 와클동준  약속이라도 한듯  중주역시 이맛이지,0.45148623
170,                안선생              ,괜히 빨리 이기고 회식하는게 소확행이라 인터뷰 한게 아니네그저 신빛상혁당신은 대체,0.30896622
171,                옛날              ,마지막에 크레이지 커리어이럴때 약간 오그라듬ㅋㅋㅋㅋㅋ졸귀탱,0.8057639
172,                박태현              ,  페이커 성 띄웠다,0.13867465
173,                찐들의향연              ,칸나 미쳣다 공격적인게 너무마음에든다,0.8929961
174,                Jeremy Van Lewis              , 진짜  선수 명이 하나가 된 듯하네어그로도 완벽하고 한 명 빼면 한 명 들어가면서 서로의 호흡이 완벽함 진짜 경이롭네,0.98313254
175,                정진욱              ,진짜 세계관 최강자들의 싸움이다,0.42099184
176,                이름없음              ,해설자들 맞춘거처럼 하는거 겁나 웃기넼ㅋㅋㅋㅋㅋ,0.6793187
177,                돌맹이              ,매 장면마다 아아아아악 하는 비명소리들리네 ㅋㅋㅋ,0.5778492
179,                하늑              ,아무튼 가 더 잘함 ㅅㄱ,0.50372887
180,                현구              ,무슨 은 ㄹㅇ 일겜하는 줄 알겠네 ㅈㄴ 침착하네,0.57239115
181,                이선호              ,아니 근데 티원페이지는 오떻게 경기 끝난지 얼마 지나지도 않았는데 바로 썸네일까지 뽑고 그렇게 빨리 올리는걸깤ㅋㅋ,0.7266462
182,                이찬희              ,칸나 갱킹때문에 고생하는거 진짜 안쓰럽다ㅋㅋ,0.17330396
183,                박차돌              ,난 우리 슼 항상 응원한다,0.9890173
184,                가람              ,  테디가 페이커 복수 해주노 ㅋㅋㅋ,0.80166674
185,                fan eminem              ,칸나 겜할줄아넼ㅋㅋ 세트에는  인장질 세트에는 면상텔 ㅋㅋ,0.07867086
187,                수홍              ,칸나  데뷔시즌 곧바로 우승ㄷ,0.68984014
188,                노래가좋아요              , 칸나쉑 웃는거 귀엽네,0.67499113
189,                오석근              ,반ㅋㅋ짘ㅋㅋ원정댘ㅋㅋㅋㅋㅋ,0.47680616
190,                6시간전              ,테디 킬 ㅁㅊ ㄷㄷ세트당 킬,0.42647716
191,                Junwoo Han              ,진짜 완벽한 경기력,0.95642513
192,                ᅳᄏᄏᄏ              , 취소된게 넘아쉽다 이정도 경기력이면 우승 노릴만했는데 ㅠ,0.20583019
193,                Jaden              , 다섯명 얼굴 느낌이 다 비슷해ㅋㅋㅋ,0.43570885
194,                한영재              ,사랑해 ㅠㅠㅠ,0.9770395
196,                김지현              ,칸나 레알 괴물이네ㅋㅋㅋ,0.2509014
197,                이민우              ,페이커 이번시즌 토너먼트는 전도 그렇고 최근 몇시즌 동안 제일 베스트 폼이였던거 같았음,0.9885092
198,                전성준              ,성페이커 만들면 무적이라며 ㅋㅋㅋㅋㅋ,0.5324142
199,                내 이름은장덕철              ,막판 볼베 존재감 무엇ㅋㅋㅋ,0.5927589
200,                프로젝트:파이크              ,아니근데 머쉬베놈 ㄷㄷㄷㅈ 찍은동영상 어디감 갑자기 삭제했네뭔 문제있나 ㅋㅋㅋㅋ,0.01996708
201,                퍼플              ,진짜 칸나 칸 데뷔때 보는거같은게 둘다 신인때 엄청 공격적으로 했는데 오른가지고 ㄹㅇ 엄청 공격적으로하네,0.15575221
202,                Locerd              ,칸나 진짜 운영이나 솔킬이나 모든게 거의 완벽함 ㄹㅇ,0.8410869
203,                Sanghoon Lim              ,하이라이트는 꼴픽 발밴픽이 하이라이트지 ㅋㅋ,0.87674046
204,                Tang Haemul              ,이게 그 전설의 ㄷㄷㄷㅈ 인가,0.35291284
205,                Chansoo김찬수              , 에포트 어떻게 알고 세주 끌어준건가,0.46201873
206,                w 4              ,첫판 룰러랑 비디디 개고통받네ㅋㅋ,0.8806149
207,                이현일              , 에포트 반응속도 실화,0.83510095
208,                지나가던_이과생              , 삼각무빙,0.30836582
209,                El ma              , 그 게임들에서 최고의 활약 중인 딜러들의 이름이 한꺼번에 언급되었다,0.97045994
210,                ᅳᅳ              ,ㄹㅇ ㅋㅋ 칸나 오른  플 평에 당한 사람 개 많음  감동란 라슥갈,0.8557438
211,                Miracle with you              ,대 으로 이기길 바랬던 사람이라 그렇게  이겨서 좋긴한데너무 일방적으로 이겨서 재밌진 않았어좀 살살했어야됬어 아직 썸머도 남았고 롤드컵 전인데차라리 세트까지 벤카드 한개만 계속 들고했으면 좀더 치열했을까,0.009196073
212,                줄리냥              ,ㅋㅋㄱㅋㅋ 실시간으로 볼때는 몰랐는데 한타열리고하면 김동준해설 목소리밖에 안들리네 목청보소 ㅋㅋㅋㅋ,0.71108127
213,                호엥              ,뿌우ㅜㅜ우 뿌우우웈ㅋㅋㅋㅋㅋ,0.47088614
214,                sesanglovel              ,뿌우우우우 ㄸㄹㄹㄹ ㄷㄷㄷㅈ,0.48774683
215,                조건희              , 에포트 플판단 쥰내 과감하네,0.77572954
216,                ᄋᄇ              , 여기서 집간거는 진짜 의도를모르겠네ㅋㅋㅋㅋ,0.11320886
217,                지나가던개              , 스폰지밥,0.62624323
218,                정글모데하는사람              ,세트 간나세트 칸나세트 갓나,0.14778328
219,                咖啡맹              ,커즈칸나 ㄹㅇ 신들렸냨ㅋㅋㅋㅋ,0.74851364
220,                LCK팬계정              ,페이커 기억상실증 걸렸누 ㅋㅋ갑자기 슼이 되어버림 ㄷ,0.26150858
221,                김정민              ,역시 정수수집가,0.7088764
222,                정영호              ,분부터 해설 개웃기네 ㅌㅋ,0.106111825
223,                Price Of Inequality              ,룰러ㅋㅋㅋㅋ결승전에서 조차 플래시 들고 또 기 맞네 고질병이다 이정도면,0.2020491
224,                ᄃᄉ_              , 결승에서 마저 이런 텐션을 가지는 장군님 클라스,0.29328158
225,                남지훈              ,진짜 이번 롤드컵 믿어봐도 되는거야,0.8562968
226,                아니야응              ,페이커 경기하는데 데스수 단  ㅋㅋㅋㅋㅋㅋ,0.6985852
227,                김경모[IIDX KKM*]              ,커즈 진짜 잘한다,0.6548681
228,                돌돌이집              ,젠지 잘하는데 티원이 너무 압도적이다 ㅜㅜ,0.968385
229,                리온              ,와 이네첫판보고 그냥 정도 나올줄알고 안봤는데 ㄷㄷ,0.20719779
230,                보숭이              , 오른궁에 불안정 데미지 분명히 터졋는데왜 유지되어있나요 불안정데미지 총번 넣네요,0.49372742
231,                이하람              ,영상 길이만 보고 결과를 알았다 ㅠ,0.38205957
232,                김기후              ,커즈가 진짜 개 잘하네,0.19882384
233,                EI OI              ,페이커 말 그대로네 ㅋㅋㅋㅋ빠르게 ,0.6681638
234,                신도윤              , 팬으로써 기분은 좋은데 뭔가 싱거운 느낌 젠지가 티원만 만나면 뭔가 그 젠지 느낌이 안들어요 ㅠㅠ,0.09151998
235,                Thomas Mark              ,칸나 솔킬할때 경기를 솔랭 하는 것처럼 긴장하지않고 매드무비를 찍네,0.17920807
236,                남승현              ,김가네 감독들 잘하네 ㄹㅇ 김정균 김정수ㄷㄷ,0.3808977
237,                김진훈              ,젠지 밴픽보면 진짜 ㅈ같더라 향로메타 지난지 언젠데 원딜 몰아주는 픽하고 원딜이 에이밍처럼 안정적으로 하는거면 몰라 섬머 때는 좀 바뀌었으면 좋겠다,0.9127972
238,                꿈털이              , 질리언이 질리언이 터졌어요   터졌어요 발음 왜이렇게 감겨요 쓰레기님ㅋㅋㅋㅋ,0.035612762
239,                겁나게쉬운이름              , 테디 텐션 ㄹㅈㄷ,0.586862
240,                윤신영              , 명 다  소오름,0.56098866
241,                김광규              ,에포트 반속봐 ㄷㄷ대치중인데 그걸 체크하고 피하네,0.22638854
242,                진채채              , 테디에게 킬을 넘기는건가요에포트 어림도 없지 ㅋ,0.5359921
243,                꿈털이              , 페이커 눈돌아가는거보임 이게 페이커다 근데 입도 돌아감,0.3060347
244,                이거보고 구독안하면 집에 바퀴벌레100마리나옴              ,상혁이형 화이팅,0.88607454
245,                유튭              ,젠지사랑해ㅜㅜ,0.9270898
246,                Iiene I              ,클라이드 화이팅,0.95267725
247,                백정              , 깃창 텔,0.44953528
248,                네모              , 페이커버그있어 버그 테디아 나이따,0.6803621
249,                0912 MARE              ,이제 섬머 시즌도 이기고 미드 시즌 컵도 이기고 롤드컵도 이겨야제 ,0.95994663
251,                행운아              ,클라이드컷,0.29563507
252,                강대현              , 젠지엔 사람이없네,0.4864912
253,                김민규              ,비디디 무새들 다 어데갓노ㅋㅋㅋ,0.48410177
254,                박다빈              ,강찬밥 예언 적중  비디디차이,0.56899965
255,                R R              , 재평가 시급,0.94121623
256,                정명훈              ,킹짱혁 커리어는 말할 것도 없고프로 최고참인데 아직도 이정도 실력유지하는건 진짜 미쳤다라고밖엔,0.6500331
257,                윤영호              ,왠지 뭉클하누 고생했다 ,0.90545475
258,                육수닭              ,페이커있으면 나랑해도 우승각인가,0.57829523
259,                깜도뤼              ,왜 사일러스를 벤 안했나,0.2425575
260,                Y              ,페이커 데스 ㅁㅊ부렸다,0.19644737
261,                빼박설명충              , 우리 오른이가 대회나갑니다,0.45715177
262,                진교준              ,올라프 비사지에 워모그 뭐야 ㅋㅋㅋㅋㅋ,0.07099575
263,                배찌Tube              , 부터 테디님 설계하신거 같은데 일부러 세주궁 맞고 풀면서 초시계로 어그로끌고 한타 여시는 테디님 존경합니다,0.24176416
264,                하이              , 무슨 코르키를 르블랑처럼 하냐,0.15052721
265,                ᄋᄋᄒᄃ              ,결국 세트 코르키 밴 ㅋㅋ,0.624545
266,                김핼린이              ,무슨 말이되는 경기력이냐,0.034772605
267,                김현우              , 테디 살인미소,0.86499614
268,                adorable 〰              ,페이커 선수의 업적이 또 쌓이네요 회 우승 부진도 있었지만 극복하고 항상 높은 자리 지켜내는게 정말 대단하구 존경스럽습니다  칸나 에포트 테디 커즈 페이커 선수 및 서브 선수분들 감독 코치분들 너무 너무 수고하셨습니다 슼팬이라서 너무 좋네요 ,0.99513346
269,                가나다              ,세트에 바론에서 서로 브리핑하고 그런거 짤렸나 그장면 테디랑 에포트 인상깊었는데,0.97326386
270,                마스터간다.              ,뜨거운 아항 과 함께 시자아아아아아아아앙아ㅏㅇ아악 하겠습니다,0.48817664
271,                박대기              ,킹정수 ㄹㅇ 롤드컵 청부사,0.50543743
272,                전다원              ,와 오늘 커즈 미쳤네,0.57080317
273,                MIT              ,ㄹㅇ 질리언 안 좋네,0.2804274
274,                김장우              ,해설 너무 어수선하다,0.066366345
275,                경민              ,  여게 밑에 왜 클템이 없나요 가문하면 그분인데,0.113692105
276,                THIS IS A PEN              ,칸나  오른 니궁 쩔드라,0.3481526
277,                한사람              , 랜턴 못 타게 하려고 핑와로 방해하네 신기해라,0.17552027
278,                바지장대              , 페이커 이거할려고 어그로 끌었다 라고 말할려다 말 끊긴건가ㅋㅋㅋㅋㅋㅋ,0.32604235
279,                ᄒᄒWhistle              , 야라가스 픽 개오바 ㅠ,0.33636582
280,                이이잉잉이              ,칸나 세트때 솔킬번땄네ㅋㅋ,0.475215
281,                하부스              ,반지원정대 ㅋㅋㅋㅋ 반지 용암에 던져버림 ㅋㅋㅋㅋㅋ,0.7369391
282,                이학만              ,  죽는줄알았네  지는줄알았다,0.14759097
283,                물병              ,페이커 승패 하고 빨리 회식하는게 소확행이라고 했는데 ㄹㅇ이네 진짜 대단하다,0.8073499
284,                권혁상              ,어 늦엇네 좀만 쉬다가지 뭐 ㅋㅋ,0.17316258
285,                구름과자와부싯돌              , 샤코인가요,0.09748006
286,                이우진              ,근데 진짜 은 넘사다ㄷㄷ,0.95127034
287,                혼썸남              ,국뽕에 취하네요 진짜 최고령 미드라이너 존경스럽네요 레전드 페이커,0.81046236
288,                보인다보여              ,ㄹㅇ 슼은 옛날부터 꾸준히 해먹네,0.1922161
289,                EXHAUST-MEERKAT              ,기통,0.32003886
290,                김민성              , 안녕 난 테디라고해,0.7573407
291,                준준              , 팬인데  준비해온거 제대로 못하고 으로 진 젠지가 불쌍해보일정도다,0.14565432
292,                신경원              ,유니폼 개간지나네,0.68293625
293,                공현석              ,슼 유니폼 어깨쪽에  미춋다,0.5518526
294,                데이              ,페이커  성에 롤드컵 성이네 ㄷㄷ,0.34336546
295,                간지마켓              ,사일 밴 안한거 가장큰 실수,0.17045483
296,                이태훈              ,보고 또보고 또보는데 해설에서 이 이기면 그낭 티이이이이 우어어어ㅓ언,0.66267306
297,                장재완              ,브베소환,0.34489357
298,                Stone Moon              ,에 가 돌아온게 너무좋다,0.96292466
299,                sungbong hong              ,에포트 오더 멋있따 반하겠누,0.9602663
300,                김원기              ,감독이 바뀌니 벤픽이 시원하네 결승전에서 이라,0.121497154
301,                긍정              ,페이커가 총  번 우승했는데 는 시즌 부터 까지 번했음 그중 절반을 페이커가 우승한것,0.14906776
302,                준 성              ,젠지는 만나면 항상 똑같은 패턴으로 패배하네 지더라도 높은수준의 경기를 보여줬으면 했는데 젠지팬으로서 이번 결승은 너무 실망스럽다 서머때는 준비잘해서 좋은모습을 보여줬으면 좋겠고 의 번째 정규리그 우승도 축하합니다,0.022642076
303,                멍청이보면짖는 개              ,다양성만큼 무서운게없지 또 거기에 능하다면,0.33413112
304,                신승민              ,커즈 오늘 폼 미쳤네 ㄷ,0.6260088
306,                Mr.틀딱혐오              ,드림팀은 무슨ㅋㅋㅋ,0.19680357
307,                Kido Chang              ,테디 바루스 포킹이 숨은 수훈이다,0.8667072
308,                Harry Mun              ,  비둘기 출현,0.14511558
309,                홍윤재              ,소리를 너무지른다,0.09791866
310,                조키              ,킬 어시스트,0.27454388
311,                이민우              ,다시한번  서머 롱주의 위상을 새삼 느끼네,0.96618176
312,                강민              ,시즈탱크 소리 나만들리나 칸나 오른 봇에서 ㄷ 싸우기전 제이스한테 맞을때,0.398766
313,                임지웅              ,분들 우승 축하드립니다,0.49946603
314,                한승훈              , 젠지 싸움 수준 ㄹㅇ 실화냐 진짜 최강자들의 싸움이다 그 전설같던 이 맞나 진짜 은 전설이다,0.701269
315,                K Koma0              ,앰비션 큼,0.51218367
316,                유원TV              , 마린죽음,0.4351209
317,                김명준              ,실력 차이 오지게 나네 보니까,0.19391894
318,                이호현              ,나도 안경쓰면 게임 잘해질까,0.27227658
319,                요약              ,비디디가 아무것도 못하네 박살내버렸네 ㅋㅋㅋ,0.16978201
320,                정시엽              ,결승전이 분 밖에 안되냐 왜,0.11035681
321,                채훈              , 라스칼선수 계속 쭉 뺐음 살수있엇던 거 아닌가요 아쉽네여ㅜ,0.7303119
322,                김성호              ,테디 포킹바루스의 정석인데,0.8169707
323,                yr T              ,오늘 밴픽이 진짜 이상했다 오른 가져오고 싶었으면 적어도 사일은 밴하야하는거 아닌가 싶었고 팬이지만 젠지가 너무 허무하게 져서 이게 의 현실인가 싶었습니다,0.031013817
324,                qwerty 9999              ,틀타고인물감독은 변한게없네,0.10154548
325,                돌멩이              , 도 분인데  결승영상이 분이라 밥먹으면서 다시보기 딱좋았다,0.5326507
326,                harreruaa 12              ,슬슬 걱정되네 의선수들이 은퇴하면  그 레전드를 젠지가 이어갈 거라 생각 했는데 언제쯤 을 이기냐,0.671749
327,                김민수              ,위라는 의미는 없는거같네요 위로 올라간 젠지나 작년 그리핀을 보면 오히려 다른 팀이랑 겨루면서 올라온 이 경험치 축적하듯이 압도적이니까요,0.896803
329,                loveu loveu              ,다들 너무 잘해,0.645241
330,                kim kh              , 다 잘했는데 커즈가 미쳤네 ㅈㄴ잘하네,0.3487413
332,                마기마리              ,차라리 전이 훨씬 재밌네,0.08940217
333,                모우모              ,이거 사실상  우승 아닐까,0.5162457
334,                JUMO Dkingdom              ,와 칸나 모이리 든든해졌냐 ㄷㄷ,0.6798976
335,                임정현              ,우승은 ㄷㄷㄷㅈ,0.27815437
338,                반디비              ,이거 맨처음 시작할때 전용준 캐스터 시작하겠습니다 넣어주면 안되냐 년 스프링은 잘 넣었더만 ㅜㅜ,0.047362626
339,                이재준              ,원래 전클동  하는 전율이 있었는데 은 뭔가 느낌없다,0.6009257
340,                신준환              ,다시봐도 이해가 안되네 미드질리언 딜로스 넘심한데 요플래냐,0.4135111
341,                Leessang516              ,  차이 차이 때문에 이겼죠 ㅋㅋ루ㅋㅋ,0.15128246
342,                귤귤              ,게임 보면서 느낀건데 자신이 응원하는 팀이 아닌 다른팀이나 다른팀 팬을 욕하거나 비방하는 일이 많이 일어나는데 응원하는 팀이 다른 것이지 남이 응원하는 팀이 잘못되었다는게  아닙니다 너무 감정적으로 선수들을 욕하지 말았으면 좋겠습니다,0.4726748
343,                인생비기너              ,떡,0.20926109
344,                오마이걸비니님은 천사야              ,대 일줄은 몰랐잖어 왜케 잘하냐,0.6239121
345,                Peter Hwang              ,비디디  스턴맞추는꼴을 못보네ㅜㅜ,0.39136392
346,                다이핀              ,와 이정도 경기력이면 진짜 롤드컵때 일부러 올림픽 롤집어넣으려고 져준거 아니냐,0.2782085
347,                qwe qwe              ,아니  이름 때문에 이기는거냐  라는 이름때메 이기는거냐 번째 결승진출이 말이 안되는데,0.114559054
348,                김영환              ,페이커 소확행 성공,0.6048787
349,                풀리              ,정규 위는 젠지가 했는데 우승은 이 유력해 보였던 이유,0.2968455
350,                아이알              ,커즈 진짜 잘한다 경기내내 정글압도적이네,0.6728258
351,                Seul              , 트칸나 트칸나아 이 칸나가 아닌가,0.42308497
352,                김원재              ,너무 좋아서 번 반복재생중 ㅎ,0.98513114
355,                간지마켓              ,   이 사실상 결승전이였내 ,0.5548196
356,                요약              ,수준차이 너무난다,0.09475207
357,                빛리송              ,역대급 노잼 결승 보다 번 졸았음,0.015701115
358,                롱키              ,리딸하러 왔습니다,0.3198493
359,                New Meta              ,자신만의 소확행을 챙기는 페이커 ,0.7784393
360,                Jason Nam              ,세트 비디디 플궁을 단 한번도 안하네 ㅋㅋㅋㅋ 얼마나 답답하면 해설이 플래시랑 궁이 남앗습니다 계속말하는데,0.050499886
361,                아영어학원 숙제 그지같다              ,초 테디는 다음부터 힐들자 저번에도 베리어를 힐로 착각하셧는데 ㅋㅋ,0.14989567
362,                주스타              ,누구를 콕 집어 말하고 싶진 않지만 개인적으로는 룰러 선수의 폼이 좀 아쉽네요ㅜㅜ 원딜로써는 치명적인 혼자 짤리는 장면이라던지 딜 넣는 포지션이라든지ㅜㅜ,0.38353682
363,                아프로디테              ,마지막라운드 넥서스뿌실때 인장 띄워주면 레전드였을텐데,0.88093925
364,                안녕야옹이              ,상혁이 소확행하는날우승 너무 축하해요 우리팀 우리혁번호따는건 나중에 다시 도전하세요,0.7056777
365,                Min K              ,티원이 티원했네요 ㅋㅋ,0.6446758
366,                지훈              ,년부터 생각하고 있었는데 젠지는 감코진이 문젠거 같다 ㄹㅇ 젠지 이대로면 서머 때 성적 좋아서 롤드컵 확정이어도 응원하고 싶지 않음,0.37140483
367,                고강현              ,티원진짜 수고했어 스프링이랑 롤드컵도 좋은성적으로 마무리하자 사랑해 ,0.8745394
368,                안중현              ,세트  아 젠지 좀 털렸네세트  이야 이건 많이 털렸는데세트  탈곡기냐 미쳤다,0.009756267
369,                얌마Uru              ,근데 다시봐도 황부리그는 못이겠다 ㅠ,0.66351503
370,                sh B              , 벤카드 두장 없었는데 장 꽉 채워져 있네 뭐죠,0.27616715
371,                김준희              ,세트 제이스 템 상태가,0.22822544
372,                JH L              ,탑이 ㅈㄴ잘하네,0.56065243
373,                ᄌᄋᄉ              ,경기요약 ,0.2955724
375,                궁디팡팡햄토리              ,젠지 너무 아쉽고  축하축하,0.6120746
376,                박진우              ,칸나 또 혼자 인장 들었어ㅠ,0.4277476
377,                홍기              ,오른은 다시관짝가야함 선 너무넘네,0.9169343
378,                오태식              ,번 우승 기념으로  역대 경기 다 지켜봤는데 삼화 삼블 락스   대퍼 삼갤  그리핀 킹존 와씨 이런 상상만해도 악몽인 강적들 상대로  우승해온 상혁갓과 는 대체난 대깨혁한다 걍,0.6973059
379,                __지환과윌럼프              ,셑 칸나 세주재끼고 제이스잡는건 ㄹㅇ 멋있다,0.60306716
380,                SunHo Lee              ,해설 ㅈ나 명해설,0.12344885
381,                이름              ,킹정수 진짜 대단하다 그냥 압도적이다 진짜 결승에서 개박살낸다,0.48797956
382,                유동훈              , 이거 테디 힐인줄 알고 방어막 누른건가요,0.262373
383,                지나가던세나충              ,모바일 두두둥장,0.4335197
384,                Jimmy Bucket              ,그들만의 리그 ㅋㅋ,0.63423604
385,                냥집사              ,코르키로 끌어들이는거 보면 겐지는 너무긴장했고페이커는 너무 노련했다,0.89297885
386,                yy sin              ,우리는 아직 페이커의 시대에 살고있다,0.9534582
387,                준tv              ,와ㅡㅡ진짜티원은 언제까지우승하는거야 너무잘하자나 한계가없어 한계가 페이커라는 선수는 이상혁은 진짜 항상 악기로 따지면 드럼같아,0.086117744
388,                유카토이나              ,수준차이가 너무난다 티원이 잘하는것도있는데 그외에는,0.105609715
389,                웅우              ,솔직히 보면서 졸았음 전은 그래도 재밌었는데,0.7147487
390,                sh M              ,오늘도 역사를 다시썼다,0.9493258
391,                네모              ,진짜 이번 결승은 명 다 못한거 없이 다잘했음,0.4235449
392,                치킨좋아.              ,아펠딜무섭네 ㄷ ㄷ,0.7392931
393,                skalwwmc              ,랑 커즈 칸나 너무 잘어울린다,0.8554234
394,                비공개              , 담원담원  경기가 꿀잼이였다이건 실력차이 넘 나자나,0.65765446
395,                한지훈              ,이번 게임들은 다 커즈의 존재감이 큰듯,0.8930242
396,                포커페이스              ,팀 개편되고 룰러 폼이 계속 바닥인데 원딜 게임하는 서폿미드 탑 게임을 하네 이길수가 있나 그러면,0.07944143
397,                임종현              ,진짜 언제까지 우승하냐,0.6258774
399,                아리아              ,우리가 절대 대회에서 볼수없는것 마이정글,0.13127792
400,                ilbanny              ,두두등장 영상 어디감 공연영상 사라졌네,0.19063592
401,                진성이              ,가장 인상깊은 해설과연 젠지는 스크림때 이조합을 써서 이겼을까요,0.91868365
402,                앙키몽              ,대 어케이기냐,0.19786975
403,                양주              ,이상하다 분명 저기 이상한 롤커뮤니티에선 초비디디가 페이커 그냥 이긴다고 했는데왜 둘다 출전을 안하는거임 나왔으면 졌을리가 없잖음봐줘서 이기고 페이커도 한물 갔네 ㅜㅜ,0.095535725
404,                전진              ,크 레전드,0.9196725
405,                이성재              ,아닠 결승에서  당하는거는 첨보네요 ㅋㅋ 너무 압살당한거아니야 젠지,0.4185483
406,                치킨              , 페이커 플 반응 ㄷㄷ,0.44158232
407,                자보식              ,칸나가 진짜 대박이다 올해 롤드컵에서 한건 해줬으면 좋겠다,0.929032
408,                yoyogod A              ,정글 밴때리고 그브 선픽 맞았을때 이미 젠지에 뇌절이 오지 않았나 싶네 플옵에서 표식이 영혼 털리는거 못봤나,0.114581764
409,                양성훈              ,엠비션 롤알못이였네,0.18480247
410,                옥상문              , 하이머딩거 신스킨  버스호자 테디 페이커엄,0.70102686
411,                바닐라와퍼              ,지금 원딜 등이 테디임 프레이 뱅 퇴물,0.8703391
412,                강희원              ,커즈 저격밴당한거 아무렇지 않다는듯 그브 칼픽하는거 ㄹㅇ 소름돋음,0.961501
413,                Hyojin Park              ,페이커 한타할 때마다 포지션 오짐  소름끼쳐,0.9170922
414,                [][][][][]              ,아꼬마감독님그립습니다,0.6851277
415,                Min Kim              ,아지르랑 아펠은 페이커랑 테디만 하자,0.22477055
417,                박성환.              ,하일라이트만 봐서는 누구를 줘야 할지 모를 정도로 그냥 부드럽게 이겨버렸네,0.52853405
418,                우하하하              ,에포트 쓰레쉬에서 나의 쓰레쉬의 향기가 났어,0.79662
419,                86 1Q              ,세상에 마상에 리그 위가 셧다운패라니,0.16064233
420,                키위              ,칸나 셋트 마지막 텔센스 개지린다,0.46505794
421,                이율              ,세상에 천재는 많지만 정점은 하나다 시간이 지나고 최고령 미드가 될지언정 페이커는 페이커일뿐,0.9733205
422,                띠로리              ,칸나 집요하게 파는데 팀파이트 뇌지컬 터지네 칸나포지션 탑이말려도 푸는법 다보여줬다,0.23058781
423,                Jun              ,경기는 다시봐도 상대  명이나 있고 딜러 본인밖에 없는데 이즈 삼위일체 말고 얼건 왜 갔는지 이해가 안되네 ㅋㅋ,0.38710698
424,                참내              ,전보다 하이라잇이 더 짧아,0.51951045
425,                큐남              ,이걸 늦게 오누,0.48687842
426,                Kj Yun              ,저런팀을 대떡낸 크트 담원은 무슨팀이지,0.056921363
427,                티모              ,어느팀이든 상관없다 ㄷ 국제전만 우승해줘,0.32779986
428,                INT동환              , 레전드네 ㄷㄷ,0.9528868
429,                sj h              ,페이커 테디는 지금껏 보여준게 많아서 기대치가 높앗는거에 개인적으로 원딜유저라서 테디를 주목했었다 근데  이번엔 칸나랑 커즈가 인상적이였는듯 특히 칸나 데뷔시즌인데 칸 공백 잘 메운거 같다,0.84305114
430,                규민              ,왜 밑에 테디 얘기는 없지태디 ㅈㄴ잘했는데,0.5669614
431,                플라워댄스              ,대떡,0.3610865
432,                박진호              ,처음볼땐 몰랐는데 정글차이 엄청났구나,0.7137671
433,                이희찬              ,이 대단한게 지각해서 밴픽 개 못했음  경기 그런덷도 결국은 압승 이건 젠지가 못한것도 있는데  경기력이 어제 미쳤었음 특히 세트 비디디 렙때 잡는장면그 누가 시야 먹으러가다가 죽을줄 알았냐,0.06272781
434,                YES              ,역대급으로 긴장감은 없지만 재미는 있었던 경기세트 불리한 밴픽에도 불구하고 김정수 감독이 추구하던 조합을 가져갔고 후반가면 불리할게 뻔한 조합으로 다른 장점을 살려서 짤라먹기 포킹 운영하는건 감탄했다물론 커즈가 잘해주긴 했지만세트는 킬 스코어가 지고 있을때에도 뭔가 긴장감이 흐르지 않던 판이다골드량이 앞서 있었거든세트는 그냥 말할것도 없이 압도 그 자체였다 세트는 평소에 경기에서나 개인방송에서나 선수들이 화끈한 플레이를 많이 보이거나 인상적이었던 챔피언들오 구성한거 같다 예칸나 오른 테디 아펠리오스 페이커 아지르게임을 보면 소규모 한타는 몰라도 대규모 한타는 그닥 신경쓰지 않는것 같았다왜냐골드격차로 인한 템차이 오브젝트 차이로 인한 버프차이로 인해서 한사람만 잘해줘도 다 이길 수 있는 한타였가 때문이다이 잘한것도 있지만 이번경기는 젠지의 서폿 정글이 그닥 눈에 띄지 않았다 물론 비디디도 한 세트를 제외하고는 마찬가지원딜은 다 말려서 딜을 넣을수 있는 표지션이 없었으므로 제외이번 경기는 의 조합이해도 선수들 개개인의 실력 운 요소가 다 좋았다 반면 젠지는 그러지 못한 모습을 보여주었다아직은 이 더 강한 팀인것 같지만 젠지도 더욱 훌륭한 팀이 되도록 응원한다마지막으로 빠커형 멋지다 커즈형 섹시했다,0.8938555
435,                落日              ,근 ㅡ 본,0.49580857
436,                노예훈              ,실딱이인 나로써는 분겜에 일이 번밖에 안나왔단게 신기하다,0.3163498
437,                김지환              ,막세트 볼베는 픽한 이유를 모르겠다,0.19946602
439,                모기의저주              ,커즈 용뺏는거 강타도 안썻네 ,0.31762528
440,                성이름              ,압도적이다  소극적인 모습 없고 소름돋을 만큼 무섭게 변했다,0.8953182
441,                kimcc4203              ,또 보러 왔다,0.7796036
442,                권나르              ,리그 페이커와 플레이오프 페이커와 결승 페이커는 확실히 다르긴하네 순간적인 오더하고 난 뒤에  한타나 딜넣을때는 말없이 입오물거리면서 개빡딜넣네 리그때는 이정도까지 집중하는걸 못본거 같은데  역시 고전파  커즈랑 테디도 폼절정이고 칸나 어포트도 잘해주고 너무 좋구만,0.6205885
443,                장인워치              ,근데 재가  잘 안봐서 그런데 로치는 왜 안나와요 요즘,0.8425299
444,                Chaekal Steve              ,해설자 소리좀 그만 지르면 안되나,0.01837951
445,                Junyoung Lim              ,젠지 이번에도 승패 예선탈락하겟네 롤드컵가서 진짜 개 불안한데 하는 거 보면 저게 결승전 팀의 기량이라는게 말이안되는데,0.26821673
446,                이호현              ,슼 다 안경썻네,0.389246
448,                바이퍼              ,이정도면   이 사실상 결승이였다는 학계의정설,0.6265876
449,                천영성              ,팩트 결승전 너무 노잼 이였음 ㅠㅠㅠ,0.014407486
450,                빩펡뚧              ,상체캐리메타인데 룰러 중심의 운영은 뭘 노리고 한거지,0.15970975
451,                샤프트7              ,리그중에는 가끔씩 삐걱이는 모습 보이다가도 다전제만 가면 각성해버리는 어메이징팀,0.55957174
452,                ba n              ,명문팀인만큼 구마유시 칸나등 많은 유망주를 데리고있었네,0.16643137
453,                이이지              ,역시 티원  랑한 경기가더재밋는듯,0.90296763
454,                심봉사              , 팬인데 오늘 젠지 밴픽부터 경기력까지 너무 엉망이라 솔직히 아니고 다른 팀이 올라왔어도 압승했을 거 같다,0.01328522
455,                Snow white              ,탈덕 어림도 없지 꼴데팬을 얕보지마라 끝까지 응원합니다 젠지 화이팅 그래도 어제는 아쉬웠어요,0.3276956
456,                홍성원              ,해설 소리 지르는거 에반데,0.094032645
457,                댕강아지              ,와 커즈 창모든데도 ㅈㄴ잘하네 ㄷㄷ,0.6970545
458,                GDK1220              ,한국 어차피 롤드컵 우승 못하면 그들만의 리그다 ㅇㅇ,0.52268624
459,                김민철              ,랑 하는거 보고싶다,0.5640431
460,                hyun Kim              ,ㄹㅇ 리그컵 회우승 개미쵸따리,0.48390287
461,                Horios Juan              ,형님들 근데 첫 경기 벤픽창 버그인가요벤픽 목록에 챔프사진이 회색인데 뭐죠,0.7498049
462,                미역이는강아지              ,라운드 마지막에 해설 줜나 정신없네 명서 전부 음량 똑같이 맞춰놓고 다른말 하니까 뭐라는지 하나도 모르겠다,0.06314123
463,                호현호              ,이팀에 페이커가 빠지고 다른 미드라이너 들오면 미드라이너 되게 부담감 크겠다,0.91879964
464,                문성호              ,김정수 감독 넘사벽이다 ,0.6097177
465,                한현우              ,에게 페이커에게 처음으로 준우승을 안겨준 커즈가 의 선수가 되어서 우승을 하다니 묘한기분이다 커즈 파이팅,0.97444975
466,                2403 김준성              ,슼은 다전제에 강했다 또다시 증명,0.72678554
467,                권기표              ,오늘 룰러가 너무 몰아준거에 비해 못해줬다 비교하면 안되는데 하이브리드였다면 이생각 들더라 ㅠㅠ,0.09659952
468,                Taek Hun Nam              ,역대급 개노잼 결승,0.014585733
469,                정우성              ,증명된 플레이 볼줄 아는 사람은 보는 페이커의 조율자 쉽게 말해서 자동차운전할때 뒷차가 빠른속도로 달려와 추돌직전 남들은 백미러만 볼때 눈미러를 보면서 피해를 줄이고 이기는 각을 본다,0.15536618
470,                임건 lim              ,페이커왜 이리 시끄로운 것이냐해설자이 압도적으로 이겼기 때문입니다,0.06473023
472,                정서진              ,칸나는 맨날 버스만 쳐타네 칸있었으면 롤드컵도 우승하것다,0.42295223
473,                이승호              ,와 멋있다,0.8826474
474,                몽골해군참모총장              ,이건 밴픽에서부터 젠지가 진거같다,0.14842588
475,                루마              ,걍 페이커가 멱살 잡는게 아니라 들어올려서 이겼다 ㄹㅇ,0.13756531
476,                진우창              ,너무 쉽게 이기는 느낌이 드네ㅠㅠ물론 잘하는팀이 이기는게 당연한건데살면서 다시 랑 경기같은 명경기를 기대하는거는 너무 큰 기대인가ㅠㅠ팽팽해야 볼맛도 나고 하는건데살짝 아쉽구만,0.26253426
477,                다봐용아무거나              ,개인적인  생각은 미드 정글에서 게임이 매판 끝났다고 생각함,0.9299433
478,                다람쥐              ,전체 하이라이트가 분이라는건 젠지가 압도적으로 무너졌다는거다,0.47380042
479,                황원하              ,킹정수 그냥 에 뼈묻어줘,0.4628474
480,                이명원              , 즐거웠다 써머때 보자  우승 축하하하하,0.8535255
481,                정호용              , 왜 펜타킬 아님 다시 살아난 애도 없고 킬 후 킬인데,0.4268622
482,                gygy eee              ,상호  파란머리  ,0.6218625
483,                이재준              ,저 테디 아펠리오스가 속박포 안 나왔는대 왜 갱오냐고 찡찡거히던 아펠리오스가 맞나,0.62163043
484,                손흥              ,세트 ㅈㄱㅊㅇ세트 ㅈㄱㅊㅇ세트 ㅌㅊㅇ,0.13296708
485,                달콤한인생              ,지려버렸다 ㄷ ㄷ,0.8950485
486,                겠네모르              ,젠지 좋아하는데팀게임은어쩔수없다인정이다,0.4436409
487,                아이구어이구              ,올해도 부따리 되려나중국리그좀 이겨줘 ㅠ,0.34484684
488,                푸키              ,젠지 욕하지말고 롤두컵에서 잘해보자 드알엑스도,0.083663344
489,                앞비전              ,다 봐도 진짜 커즈는 정글 그자체를 보는 듯 했다 이게 커즈다 ,0.36398235
490,                진민성              ,역시 ,0.8630318
491,                파커              ,젠지였어서 결승전이 재밌었지안방에서 본 게 아쉬웠다,0.39479554
492,                lo l              ,뿌우우우우우우우,0.47329074
493,                맛있어코알라는              ,왜 페이커가 엄준식이됬냐,0.18886384
494,                Sunwoo Lee              ,다들 왤케 페이커 칭찬만 하는지 모르겠는데 나는 커즈가 너무 잘해줘서 대견하다,0.40037954
495,                안정훈              ,이번엔 느낌이 좋다 저번 시즌은 먼가 경기 내내 불안정한 느낌이 강했는데 이번에는 공수 양면 완벽한듯 칸나 각성과 커즈 안정화가 ㄹㅇ 컷다,0.5978567
496,                성욱강              ,도대체 사일 벤 왜안하는거냐베스트 궁 챔프들 픽하고 사일 푸네 ㅋㅋ,0.363647
497,                나물나물              ,아이고오아이고오 저 라스칼과 커즈만 에 남아있었더라면 완벽했을텐데 ㅠㅠㅠ 원통하도다,0.86795795
498,                H Park              ,커즈가 제일 불안요소였는데 포스트시즌에서 칸나와 더불어 제일 잘해졌네 뒷라인이 딜넣기 편함을 넘어서 상대 딜러진들 폭사시킨 장면 다수로 나오고 이게 감코진의 힘인가,0.17960933
499,                2111 진성민              ,  차이,0.25521934
500,                강대언Austin Kang              , 비디디차이,0.34474504
501,                손기석              ,젠지 존나 실망,0.003903836
502,                이강현              ,솔직히 밴픽 번다 발리는거 보고 이 대단한건지 젠지가 거품인건지,0.061855167
503,                Faker Fan              ,역시 페이커 그는 놀부인가,0.5700896
504,                공구리              ,페이커 나랑 동갑인데 제발 롤드컵 한번만 더해먹는거 보고싶다,0.38637054
505,                오스아디              ,안경조합 미쳤네 롤 우등생들,0.39106822
506,                calmdownm man              ,울었다,0.8928236
507,                onejh 12              ,이 잘한것도 있지만 난 젠지의 밴픽이 노답이었다고 보는데특히 세트 이즈후픽은 아무리생각해도 왜했는지 모르겠음 아펠을 버리고서라도 할만한 픽이었나 세트 픽유미도 모르겠고 걍 밴픽준비 별로 안한거처럼 보였음,0.011940628
508,                간지마켓              ,결승이란걸 모르고 봤음 개노잼 ㅋㅋ 등팀과 등팀 대결같내 ,0.008153498
509,                코렐라인              , 취소됨,0.16633496
510,                JS Y              ,   비둘기,0.1728648
511,                김아람              ,진짜 비디디 큰경기때마다 너무 못한는거같네 새가슴인가 플레이오프나 결승때는 비디디가 아니라 다른선수가 하는거 같다,0.18406925
512,                허영              ,룰러 너무별로다,0.003436625
513,                박일우              ,커즈 칸나 실화냐,0.12843496
514,                탱여진              , 이때 사일러스 궁을 뺏자마자 쓴 이유는 텔이 이즈가 아니라 질리언인 줄 알아서 그런듯,0.26997167
515,                우상민              ,젠지 상체가 너무 부실햇다 하체는 나쁘지않앗는데 상체에서 스노우볼 굴러오니깐 대처가 안됨,0.23520964
516,                김진호              ,젠지가 못하지 않았음에도 불구하고 티원이 대의 기록을 달성했다 티원은 더더욱 성장하는 모습을 보여주네 왕좌는 바뀌지 않을것인가,0.8947112
517,                kesk a              ,슼 일부로 밴 두개 안한거에요,0.1014919
518,                허민              ,삼경기 초반에 치킨 시켰는데 왜 삼경기에 끝나는건가요,0.09832227
519,                사탄              ,바루스를 내주다니젠지인 자 고통받을 지어다,0.66863465
520,                박이도              ,페이커가 메시랑 닮았다고 생각한다처음 등장했을 때는 말도 안되는 피지컬로 씹어먹고 다녔고이제 경력도 쌓이면서 노련해지니까 피지컬 바탕으로 전체적인 운영 및 팀게임 하는게 보인다,0.10484639
521,                김명현              ,칸나 에 적합한 탑라이너네칼챔도 잘다루지만 방패챔으로 칼챔 잡는거보면테디 페이커 캐리력 높혀주는 한몫할듯,0.10547799
522,                후아뵤              ,이 에선 압도적인데 롤드컵은 솔직히 좀 걱정이다 잘해주길 ㅠㅠ,0.9375135
523,                marcos kang              ,근데 이번 롤드컵은 어케 되는걸까관중들이 없으니까 많이 허전하네,0.2053495
524,                김막심              ,코치차이인듯,0.24572128
525,                Campbell Park              ,클템 자꾸 일부로 목 긁으면서  외치는데 왤케 듣기 불편하냐 평소해설은 잘하는데 흥분했을때 팀이름이나 선수 이름 외치는거 인위적이여서 몰입감 떨어지네,0.026437521
526,                Boricha Goo soo han              ,  다시 받아주나요,0.83431
527,                N B              ,실력이 다 상향평준화 됐는데 꾸준히 우승하는거 보면 페이커가 신이라는거 인정해야됨 ㅋㅋ,0.51897556
528,                oh출발!여행비디오              ,킹존 밴픽 왜저러지 했는데 젠지 밴픽보고 씨맥 리스펙,0.40475166
529,                김용환              ,젠지 밴픽 ㅈㄴ 못했음 그냥,0.03641337
530,                Dice Ruin              ,가 크라운급이내 ㅋ 거품디디 ㅅㄱ,0.17966393
531,                전상욱              ,역대급 노잼 결승전,0.02920857
532,                Yeonwoo Ryu              ,칸나라는 괴물,0.30420142
533,                달마              ,왜 세트 밴카드 개 없던건가요,0.10338053
534,                JOONIAC              ,젠지는 룰러를 버리던지 최우범을 버리던지 저 미드정글을 데리고 저렇게 수비적인 경기를 할 수가 있나  애초에 바루스같은 공격적인 픽을 못하니 미드 정글 까지 다 누워버림,0.082871765
536,                천기신              ,젠지 뭐하냐 진짜,0.057204664
537,                진원최              ,젠지 밴픽이랑 막픽 유미바루스 주고 이즈제이스연속 질리언은 이해가 안가네ㅋㅋㅋㅋㅋㅋㅋ,0.25805342
538,                조유환              ,개리형 생각나네,0.8682635
539,                JunHong Cho              ,밴픽 욕하는 사람들 많은데 내가 보기엔 그냥 체급차이로 맞붙는 픽 못하니까 좀 돌려간 것 같은데,0.16744241
540,                블랙미              ,번째찬 프로경기인데 올를 고르네 상관없나 볼베마뎀이나 질리언마뎀으로 충당하는건가 오른이 방템만가서 죽지를 않는데,0.18362018
541,                LoL PD              ,경기 요약  머하누,0.066468775
542,                양석원              ,페이커가 잘함 내가 잘함,0.30453962
543,                요약              ,역사를 하나 더 써가네 페친놈,0.3966089
544,                소년              ,세트는 왜 필밴이에요  인가,0.23375931
545,                닉네임              ,걍 젠지가 밴픽 장으로 막아내기에는 시즌 내내 끊임없이 실험하고 변화한 이 잘하는 픽이 너무 많았음 코르키에 대한 대처픽도 없었던 것 같고페이커랑 바텀은 원래 도라이급이라 쳐도 커즈 칸나가 이렇게까지 해줄지 몰랐을 듯,0.2562663
546,                뿌욧뿌욧뿌              ,젠지 수고많았어요 응원합니다,0.82550085
547,                안재현              ,이정도면 그냥 메신데,0.34724748
548,                눈꽃변태              , 해설진은 정리해고 한번 들어가야할듯 엉망진창이구만,0.008568734
549,                김건희              ,김정균 보고싶다,0.55045134
550,                ᄏᄉᄏ              ,그냥 칸나 커즈가 넘사엿지 젠지는 심지어 커즈 견제하는 밴픽이었는데  그브 올라프 마지막에 사일정글까지 그냥 완벽했음  룰러를 밀어주면 뭐함 상체에서 이미 겜이 끝났는데 ㄹㅇ 벵기보는듯 했고 받을만했다,0.7692313
551,                모이스데일리              ,어차피 우승은 슼,0.355014
552,                뭘꼬라봐              ,말이 결승이지 실력차이가 너무나서 무슨 챌코랑 경기하는줄 알았다,0.08454257
554,                넬tv              ,칸나님 고통롤이네,0.27556103
555,                Jack SUN              ,결승 쌉노잼,0.023581624
556,                호곡              ,탑만 교체하면 완벽하겠네,0.7995264
557,                심승현              ,포킹바루스 씹사기,0.11485511
558,                한지원              ,페이커는 영원하다 라는 말이 맞는거 같네요,0.85816586
559,                몽둥이든간디              ,비디디가 실력을 다 못보여준게 너무 아쉽다 본인이 제일 아쉽겠지만 많이 긴장한거 같던데 극복하고 더 멋진 모습 보여줘 비디디 응원해,0.8826758
560,                정민교              ,페이커효과결승에서팀 에 페이커가 있다면 이길확률이 가 됩니다,0.6325686
561,                류보식              ,결승 맞지,0.19343045
562,                이정우              ,김정수 감독은 년부터 한타메타에 적합한 조합 그리고 클라이드는 마음에 맞는 플레이어 있는 젠지가서 준우승 큐베가 그리울 듯 버티질 못하네 탑이,0.4881668
563,                냥집사              ,근데 사일이 칼리궁쓰면 어케되나요,0.7206253
564,                etigyuf fdy              ,저 사일러스 안써본 그냥 시즌 때 마스터찍은 유전데요 저부분에서 사일러스가 바론쪽으로 플 쓰고 세명 올때까지 버티다가 다시 이동하는 스킬로 넘어갈 쿨타임 되나요,0.29898518
565,                김하늘              ,뭐고 이거 블라인드 ㄹㄱㄴ이제 나오네,0.29592475
566,                Eric Han              ,세분의 해설자가 동시에 말씀하시니 전혀 해설을 알아들을수가 없는게 좀 아쉽네요,0.09858382
567,                민수김              ,압도적이네,0.8737222
568,                이주환              ,커즈는 암말 없네 솔직히 세트부터 쥰내 잘해준거 같은데,0.07231468
569,                changgue her              ,라운드 후반들면서 젠지팬으로써 젠지의 안 좋은 점이 또 나왔음 또 밴픽 하면서 픽이 다 수동적이고 뭔가 상대방보다 준비 안된 것 같은 밴픽 방향성 빠르게 수정 못하는 점 젠지 팬으로 너무 답답했음 하 또 언제 우승권으로 올라 와보냐 ㅠㅡㅠ,0.018939972
570,                왜아니              ,경기다봤는데 그냥 미드정글차이임미드정글차이 말도안되게 나서 이 압승한거고 다른라인은 미드정글덕에 잘풀림 특히 칸나는 페이커 커즈가 저렇게까지 해줘도 솔킬따이는거 보면구멍인건 확실함,0.13982582
571,                뚜껑              ,세경기다 챔피언 바꾸고 겜했으면 결과가 달랐을것 같은 개망 밴픽,0.47653684
572,                ᄏᄏ              , 테디한테 궁을 몇 개를 박는거야ㅋㅋㅌㅌ 젠지에서 초시계 인지 못 했나,0.07985327
573,                stripe              ,응디디 세트동안 존재감 제로네 세트 아지르는 토스는커녕 방관비둘기네,0.009925008
574,                박주신              ,실력차이,0.159949
575,                정민              ,비비디가 존재감 있는 픽 했음 좋았을것같은데 너무 룰러 몰아주기 픽한것같은데,0.47047096
576,                이주현              ,세트도 가 블루팀인데 왜 세트도 블루에요,0.28325808
578,                호용              ,겜이 왜이래 벤픽부터 젠지 망했잖아경기 왜 질리언이 나오는거야탑 바텀 비등하거나 이겨야된단소린데그렇게 된다해도 미드 힘딸리잖아거기다 왜 오른 장인한테 오른 준거야참,0.016231358
579,                david kevin              ,근데 진심 해설 들을때마다 이게뭔 특히 한타때 다들 자기 할말만 하니까 걍 시끄럽네 좀 사전에 말좀 맞추면 안되나,0.33874905
580,                Dragon&tiger              ,젠지는 롤드컵나가도 조별예선은 잘 뚫고 올라서 바로 강따리 할꺼같다,0.6774777
581,                마바사로              ,케빈추 현자의 경지에 오르겟네 롤드컵 우승팀이라서 사왔더니 그다음해 롤드컵 학년 반 그다음해 롤드컵 진출 실패 그다음해 돈좀 써서 팀만들어주니 신인 데뷔시킨 팀에게 패배 이정도면 감독이 적폐인데 안자르나,0.18642738
582,                진선우              ,뭐 벤픽 개 없다고어쩌라고ㅎㅎ,0.03753531
583,                정세환              ,결승 언제 하나요,0.4732619
584,                강혜리              ,근데 왜 티원 밴카드 장 없어요,0.6695899
585,                김규연              ,세트 이 왜 벤 개 안 하고 시작했나요,0.054477125
586,                오              ,젠지 진짜 존나게 못하내  결승전이라고 기대했는데 존나 노잼이다,0.0016711652
587,                YS P              , 점멸의 최후,0.5225896
589,                p ockyu              ,난 솔직히 정규시즌위해서 위에서 기다리고있는거 진짜 별로라고 생각함,0.1143606
590,                ᅳᅳ              , 취소된거 좀 아쉽네  가서 찢어버리는거 보고싶었는데,0.17111456
591,                가나다              ,이번경기는 뭔가 아쉽네 난 작년 서머처럼 페이커가 여러픽 해줄줄 알았는데 아지르 코르키,0.75795794
592,                서동우              ,오메 비디디 우네 울지마 티원팬이 보기에도 너무 안쓰러운데 젠지팬들은 마음이 어떨까,0.1450336
593,                박경배              ,제발 페이커 미만잡 이니까지금처럼 조용히들 있어라,0.46833837
594,                달모래              ,실험기간 의 차이라고 생각함슼은 감독 지휘 아래에서 계속 여러가지 전략 전술을 시도하며 폼 끌어올려서 중후반 절대강자의 포스를 보이고젠지는 초반에 굉장히 강한 팀인데 초반에 압살하지 않는 이상 시간끌면 진다고 판단해서 자기들도 중후반까지 보는 조합을 들고 나왔다고 생각함다만 슼이 중후반 조합에 더 익숙하고 강할뿐슼도 젠지도 열심히 잘해줬고 정말 재밌는 경기 잘봤음,0.43991038
595,                이경재              ,머쉬베놈 우승 아니냐,0.3007291
596,                아으아아              ,라스칼은 오른세트 투챔으로 세컨드팀 들어간건가요 ㄹㅇ 칼챔드니 하위권탑같은데 한화전에서도 큐베한테 판연속 탑차이나던데 ㄹㅇ  이해안간다,0.22464073
597,                야소다라              ,이러면 젠지보다 가 더 잘한거네,0.22009757
598,                강승민              ,등,0.7297975
599,                박찬희              ,그냥 젠지 거품 증명된 경기임,0.01033029
600,                HU Y              ,이 리그중에도 젠지랑 한테는 안지더니 플옵에서도 너무 쉽게 끝내버리네 하위권팀한테 몇번 지길래 불안불안했는데 쓸데없는 걱정이였다,0.44078824
601,                Large              ,솔직히 역대급 개씹노잼 결승이었음차라리  경기가 더 재밌었음,0.0067044795
602,                CR CHAMPIONS              ,아브뭐야 이게 잘하는거임 나도 가능한데ㅋ실골잘하네 나도 연습하면 가능하겠는데플잘한다다와 ㅁㅊㄷㄷ마이게 가능해그마뭐야진짜 신이냐챌저런플레이가 나와 ㅈㄴ미쳤네,0.034297526
604,                하슈규              ,고루고루 레게노네,0.07206941
605,                배갓집양념돼지              ,이번에 이 이룬 연속 우승이 대단한게전부다 업셋 우승임시즌 스프링 위   타이거즈 우승시즌 써머 위   우승시즌 스프링 위   타이거즈                                      우승시즌 스프링 위  그리핀 우승시즌 써머 위  그리핀 우승시즌 스프링 위  젠지 우승,0.67668843
606,                SuperBam슈퍼밤이              ,영원한 등이란 없다시간이 지나면 누군가에게 자리를 내줘야 하지그걸보고 퇴물이라고 하는 사람들이 있는데그걸 퇴물이라고 하는건 멍청한거야그 말을 하는 너도 언젠간 나이가들고 어느분야에서 퇴물이 될거거든 미래에 자신에게 퇴물이라고 하는거나 다름없어는 최근 국제대회에서 우승을 하진 못했지근데 페이커라는 중심 하나로 이렇게 오랫동안 탑클래스의 팀을 유지하는것 만으로도 대단한거야호날두 메시가 살 넘어서도 현역들과 폼을 비슷하게 유지하고 노련함으로 나이차를 극복하는 그림이랄까퇴물퇴물 하지마 모든 분야에는 정점을 찍는 나이대가 있는거고 누구나 그 나이가 지나면 내려올수밖에 없어 비교를 하려면 그사람의 전성기때 커리어와 비교해그게 맞는 비교야,0.3636009
607,                비티              ,의 대승을 지켜보던 의 미드라이너 선수는 상황을 지켜보고 걱정만 쌓이고 말았다 하 인터뷰때 그런말 하는게 아닌데경기 시작전  선수의 인터뷰가 있었는데 이때 선수는 우리가 이번에도 국제대회에서 이기고 싶기 때문에 가 한테 이겼으면 좋겠다는 도발성 발언을 함,0.6906924
608,                남이지호              ,처음에 이 정글 영입안하길래 이상하다생각하고 칸나 걱정했는데 ㄹㅇ 존나잘하네,0.6967633
609,                raymond hong              ,이건 ㅌㅊㅇ ㅈㄱㅊㅇ ㅁㄷㅊㅇ 이런거 아니다감독차이다,0.013285577
610,                N N              ,이번 결승전 젠지 너무 아쉽다 정규시즌 위한 팀이기도 하고 멤버도 잘하는 멤버들인데 ㄷ당할줄은  아무리 상대 성적이 안좋다고는 하지만 다음 서머 젠지 여기서 뼈저리게 느끼고 다시 위찍고 결승 ㄱㄱ,0.551976
611,                윤준영              ,페이커 라인전은 솔직히 예전에 비해서 많이 죽었단 생각은 드는데 한타에선 거를 타선이 없네,0.21039006
612,                림채              ,해설자들 목 안 아픈가,0.095971525
613,                TV한쵸링              , 칸나  맞짱,0.32558674
614,                원종혁              ,티 우승축하하고 젠지를 비롯한 모든팀들 수고했습니다 최근 년간 국제대회에서 성적이 별로지만 언제나 붙어보기 전에는 모르는게 승부라고 생각해요 섬머때 모든팀들 더 발전하고 올해는 롤드컵도 다시 찾아오길 기대합니다,0.71855825
615,                민욱              ,페이커는 얼마나 많은 대회 경험과 비난과 환호 속에서저 정도의 여유와 맨탈관리를 갖게 됐을 지 상상이 안간다이젠 기록 갱신은 현재 진행형이고 선수라기 보단 상징 같다,0.80455816
616,                귀귀              ,커즈 제 의뱅기,0.6784323
617,                배주현              ,젠지가 경기동안 한타를 한번도 못이겼네  개잘하네,0.23294869
618,                Limitless              ,메타가 상체메타인데 언제까지 하체만 키울건지 젠지는 매번 같은것만 하니까 진거다,0.50634724
619,                강승민              , 젠지 둘 다 벤픽 얘기 나오는데 그냥 지니까 그러는 거 아닌가이겼음 암말도 없었을 거면서,0.04802683
620,                N ell              ,젠지는 한세트라도 이기고싶었으면 테디가 세나 픽하게 유도 했어야함세트에서 바루스 포킹때문에 아무것도 못해놓고 세트에서 또다시 벤 안하는건 뭔 의도인지 모르겠네,0.0244914
621,                석희조              , 왜 밴 개만해요,0.90754735
622,                전상욱              ,하나도 안치열한데 결승이니깐  분위기상해설자들이 그냥 티원 소리지르다 끝난 게임차이가 너무 나버리니역대급 노잼 결승전이 되어 버림,0.00472942
623,                바퀴벌레              ,젠지 첫라운드는 좀 잘하다가 막라때는 개썰리더라,0.2887446
624,                박뱅              ,그러고보니 테디 펜타킬이네,0.41979828
625,                요궁              ,밴픽부터 진경기 솔직히 밴픽이 너무 아이러니했다 처럼 변칙을 쓴것도 아니고 드러누워서 가기도 힘든조합 무엇보다 상대가 후반가도 힘이 빠지지않는조합주면서 경기내내 가는거 해설들도 지적했지만 밴픽이 가장 큰 실수  경기내용도 도 좋았지만 뭘해보지도못하고 끝난 느낌,0.023596972
626,                범찡              ,테디  주전으로  연 우승으로 한체원 달성에포트  주전으로  연 우승으로 한체폿 달성페이커  뭐 정도야롤드컵마렵네커즈  레알 오랫만의 우승칸나  첫결승에서의 우승감회가 남다를듯,0.91953874
627,                조조              ,오늘부로 정글 티어 바뀜  커즈 넘을수없는 벽 클라이드,0.07033032
629,                갸릉갸릉              ,슼은  페이커빼고 멤버가 바꼇는데도불구하고 꾸준하게 잘하는거 보면 그 중심에잇는 페이커의 영향이 진짜 엄청난거같다,0.6063479
630,                박철민              ,왜 일줄 몰랐다하지 작년 스프링도  국룰인데,0.5784684
631,                JinW              ,해설자 원래 이렇게 시끄럽나요,0.07652128
632,                이희재              ,칸보다 낫다 나칸정글 전두환 커즈 썩은물 빡커원딜계의 국밥왕 테디오더의 에포트롤드컵 기대해보자,0.64317966
633,                리넷              ,설명좀,0.34405428
634,                헼켁캑              ,롤드컵우승까지 가즈아,0.3003292
635,                Ha Ha              ,처음에 밴카드 두개 왜 안보이죠 노밴했나요 반응이 없을리 없는데,0.3239081
636,                오승준              ,롤 경기 처음보는데 해설 텐션이 원래 이리 높나요,0.034921885
637,                자의              , 위했으면 담원과에 준플에서 힘들었을듯 먼가 담원과의 경기는 이 읽히는 기분,0.112226635
638,                커군              ,라운드 보고 난 알았음아 치킨 시키지말아야지예상대로  ㅋㅋㅋㅋㅋㅋㅋㅋㅋㅋ 젠지 ㅋㅋㅋㅋㅋ 제엔지,0.080156595
639,                봉만호              ,못한다고 욕했던 날 반성하게 하네 상대가 이였어,0.267415
640,                애기가좋아              ,  비디디차이,0.34474504
641,                단동단동              ,난 가 고맙더라이 담원부터 만났으면 우승 못했을거 같음가 위해서 다행이라 생각함,0.39819592
642,                가나다              ,이번경기는 뭔가 아쉽네 난 작년 서머처럼 페이커가 여러픽 해줄줄 알았는데 아지르 코르키 다양한 픽은 앞으로 못보는건가,0.39981356
643,                김지환              ,그냥 티원이 압도적이네  젠지가 라인전에서는 갱킹도 잘 성공하고 유리하게 가져 가나 싶었는데 티원 한타 진짜 압도적이네 올해는 롤드컵 우승가자 누구든 간에한국팀 우승하는거 보고 싶습니다,0.95441955
644,                암행어사출도 입장하셨습다              ,이거우승하고 끝나는건가요세계대회는 언제해요 우승 ㅊㅋ 드립니다,0.13113627
645,                권상혁              ,근데 커즈는 일부러 창 작게하는거임 아는사람 댓좀,0.34937093
646,                김성준              ,리그때 라인전 불안했던 칸나와 소극적인 운영하던 커즈가 준결승부터 완전히 달라지고 눕기메타 선호하던 슼이 때리는 조합으로 방향전환했는데 플옵 준비기간동안 단점보완하고 다른팀이 되서 돌아와버림 ㄷㄷ 반면  젠지는 케스파때부때 초반이득봐도 운영쌈에서 계속 졌는데 왜 결승서 상대적으로 눕는 조합을 만든건지 의아하고 이게 슼의 밴픽으로 인한 결과라면 드디어 슼이 전성기시절 부터 이어온 고질적인 똥망밴픽 약점마저 극복한것인지 고무적인 생각이 듬 마지막으로 페이커는 말할것도 없고 테디 에포트 진짜 줜나 안정적으로 잘하네ㅋㅋ 경기에 크게 드러나진 않지만 봇이 일단 뭘해도 최소 지진 않는다는 계산이 깔리니 상체쪽  밴픽이나 초중반 경기 운영에서 앞서나가는 원동력이 되는듯함,0.29971698
648,                ㅇㅊㅇ              ,롤오랜만에보는데   핑와로랜턴못타게하는거 개쩐다하면서봣는데 아무도언급이없네 요즘은 많이하는건가요,0.6728929
649,                야소외길인생              ,누가 퇴물소리를 내었는가이 님은 영원히 전설로 남아 리그를 빛낼것이다,0.73047215
650,                황호준              ,비판 비난은 좀 나중에좀 합시다 꼭 패배당일날 극딜 해야하나,0.6727569
651,                에늬              ,은 진짜 무엇보다 미드 원딜이 너무 든든함 칸나랑 커즈 에포트는 슈퍼플레이도 진짜 많지만 아주 가끔 플레이가 불안하거나 실수가 튀어나오는 편인데 페이커랑 테디는 무슨 일이 있어도 잘 죽지도 않고 딜 침착하게 진짜 잘박음 이 둘 덕에 칸나나 커즈 에포트가 실수를 해도 게임이 크게 흔들리질 않음 특히 테디의 그 국밥같은 든든함은 ㄹㅇ 산전수전 다 겪은 노익장 둘이 든든하게 받쳐주니 잠깐 흔들리더라도 무너지는 일이 잘없음,0.51701856
652,                명준영              , 팬인데 이번 결승전 느낌이 약간 작년 월챔 전 전 생각나는듯 초반에 킬 아무리 교환해먹고 그래도 인원배치나 운영에대한 확실함이 없어서 졌던거 같은데 젠지도 뭔가 그런식으로 진듯 그만큼 도 코치감독진이 바뀌면서 운영이 좋아진 느낌이들고 이번해 성적 한번 좋게거두어 봤으면 좋겠습니다,0.10274756
654,                Solid              ,세트 잘보면  라이너 조합이젠지 세트랑 똑같음아펠 아지르 오른 서폿 정글만 다름근데 경기 양상은 정반대 됬음퍽즈가 트위터에서 젠지 밴픽 쓰레기다이런식으로 썼는데 거의 비슷한 조합 가지고 은 이기고 젠지는 졌음 이건 밴픽도 밴픽이지만 인게임 차이가 진짜 컸음,0.082089484
655,                양호              ,섻으미안하다 이거보여줄라고 어그로 끌었다  젠지 싸움수준 ㄹㅇ 실화냐 ㄹㅇ 롤 최강들의 싸움이다 년도 시즌에 겜져서 찐따같이 울던 그 페이커 맞냐 페이커는 ㄹㅇ 전설이다,0.2243532
656,                임두현              ,이번 결승은 너무 아쉬운 경기 같네요정규시즌 막판에 삐끗했지만 위 달성한 젠지역시 가끔 휘청했지만 위로 마무리한 두 팀간의 대결 답지 않게 원사이드한 경기가 펼쳐졌다는게 너무 안타깝네요젠지가 그동안 세트를 가져오면서 서폿과 탑 스왑 가능성을 두고 벤픽 싸움의 우위를 가져왔었는데 벤을 당하면서 활용할 수 있던 픽이 하나 막히고비디디의 주력 카드라고 할 수 있는 아지르 조이중 조이를 잘라 아지르를 가져가게 하고 코르키로 카운터 친점젠지가 전형적인 캐리구도가 라스칼의 벤픽에서 가져온 유리함과 비디디의 슈퍼플레이 룰러의 캐리력 개 중 개가 흐지부지한 구도로 가게 되었고 룰러의 캐리력을 믿고 드러누웠지만의 포킹바루스를 활용한 바텀 압박구도를 만들면서 룰러의 캐리력이 억제되었고그브 올라프를 가져감으로써 정글 주도권을 쥐고 시종일관 때릴 수 있었던 점라스칼의 플레이로 탑 주도권을 가져왔었지만 오른으로 큰 캐리는 할 수 없고 사일로 궁이 무효화되는 점등보다 플옵 준비하는 시간이 길었던만큼 지는 게임에서 보였던 단점들을 커버해서 이기기보단기존에 이겨왔던 패턴에 맞춰 게임을 풀어가려는벤픽패턴이 크게 대 이라는 결과를 가져오지 않았나 싶네요김정수 감독의 노림수와 벤픽이 그가 왜 명장임을 보여줬던 경기였던거 같네요,0.025804281
658,                Pioneer              ,김정수감독 ㄹㅇ 대단하다 그냥 딱 뭔느낌이냐면 꼬마감독도 물론 명장인건 반박의 여지가 없는데 꼬마감독은 약간 덕장쪽에 가까운 느낌이고 김정수감독은 팀을 어떻게 만들것인가에 대한 고민을 존나 많이하는게 느껴짐 꼬마가 감독으로 있을땐 후반만 가면 이겨 느낌의 밴픽이 많고 테디위주로 굴렸는데 김정수감독은 우리가 후반이 강한건 맞는데 그렇다고 너네한테 초중반을 지지는 않을껄 느낌임 원딜 의존도가 꼬마감독일때보다 적어졌고 전라인캐리가 가능하도록 팀을 만드는거같음,0.14773712
659,                학원비로피씨방가는강성태              ,이런사람들이 군면제받아야지,0.4008053
660,                chw512              , 이 이렇게 잘하는데 왜   한테는 맥을 못출까요,0.46658406
661,                하늘              ,키야 주모 샤따 내려어어,0.43273386
662,                장재혁              ,애초의 젠지는 픽의 의미를 도 못살렸고 반대로 티원은 픽의 의미를 보여줬음젠지는 세트 정석조합 꺼냈고 초반 미드에서 삐걱대더니 코르키 바루스 화력못이겼고 세트 이즈 원딜조합 짜더니 바텀 라인전 내내 밀려서 아무것도 못했고 세트에선 세트 초반에 라스칼이 계속 좋은모습 보여줘서 제이스로 굴릴계획이었던것 같은데 분만에 제이스 데스에 아펠 킬먹고 탑에서 게임 찢어졌음,0.052030504
663,                김현성              ,그래도 나는 젠지 가능성 봤음 정글 오브젝트 부분만 보안하고 솔랭에서 보여준것처럼만 피지컬이 나온다면 위 유지할 수 있는 강팀이라고 생각함  너무 멘탈 깨져서 세트는 흥미진진했는데 세트는 그냥  뭣도 못해보고 진거 같아서 아쉽 멘탈관리 년한  페이커 한테 지는건 예상 했었음 팬이라 그런지 가 상대하기 좋은그런 팀이랄까 운영과 패기에 말리기 쉬운팀  응원합니당 티원 젠지 등도 잘한거야아아아ㅏㅏㅏ 노관중이였지만 해설 위원님들이 전력을 다해서 해설해주셔서 존잼 이였습니다,0.21742603
664,                김승연              ,운영에서 젠지가 밀릴거라는 생각을 하긴 했는데 그냥 울프 말대로 전라인 압승해서 이긴게 맞음 운영 콜 모든게 깔끔했고 클라이드가 티원만 만나면 힘을 못 쓰는거 같음 페이커가 클라이드 성향을 너무 잘아는건가 클라이드 짤리는 상황 너무 많았고 젠지가 실수 너무 많았다 솔직히 밴픽도 좀 티원 팬이지만 결승이라 비등비등한 경기력 보여주길 원했는데 대이라니 룰러가 버텨줘서 후반 바라봤던게 맞다 룰러 안쓰러워서 어쩌냐,0.059280276
665,                고성훈              ,그냥 밴픽 기량 인게임 모든거에서 밀렸다 정규시즌 위가 뭐가 대수야 결국 본선에서 잘하는 팀이 강팀이지,0.2512288
666,                정우성              ,세트  밴카드 두개 없는 이유 평소 정규리그에서는 선수들 셋팅 등을 위해 경기 시간 분 전이 입장시간입니다 그런데 결승전이니만큼 시 결승이지만 주최측에서 시 분 까지 출석을 요하였지만           프론트측에서 평소처럼 시간 분 전으로 받아들였데요 그래서 선수들은 시분까지인줄 알았고 그 시간차에 선수몇분들 지각하셨다고합니다 그래서 라이엇 규정상에 따라 정규리그 지각시 밴카드 개 몰수 플옵 이상 경기 지각시 밴카드 개 몰수 밴카드 몰수당했다고 합니다 밴카드 몰수당했음에도 불구하고 너무잘해준  선수들 감사합니다 ㅎㅎ 젠지선수분들도 멋진 경기 보여주셔서 감사해요,0.9923417
669,                김창희              ,오늘 봤는데 오늘 커즈 진짜 잘하드라,0.8542613
671,                site m              ,정글 해본 사람은 알거임 솔랭할때 정글이 존나 잘풀리는 게임이 한번씩 있는데 그런 게임을 되짚어 보면 공통점이 울팀 미드 탑이 잘해주는 판이 정글이 개 잘풀림 물론 이번 결승 보면 커즈 움직임 하나하나 다 살아있었고 폼이 최상이었음 여기에 페이커 칸나의 라인전 압박과 빠른 합류 등 여러 디테일적으로 커즈와 시너지가 발생해 엄청난 정글차이를 보인듯함  여기서 바텀이 구멍나면 다 물거품이 될수 있는데 오히려 바텀이 상대를 찍어눌러서 결국 이러한 이유들이 벤픽을 떠난 플레이적으로 볼때   명 모두 젠지 명을 압도적으로 찍어 누른듯한 경기력을 보여준게 아닌가 싶음,0.117257535
672,                김민성              , 결승 승리공식비등비등무난압도,0.51229715
673,                반지하녀              ,와역시 스크트  그와중에계속 가운데자리지켜주는 페이커ㅜㅜ 너무멋있어,0.98935
674,                김Sseda              ,해설 그지같네 진짜 으아아악,0.101109564
676,                김승원              ,오늘 젠지한는 자신들의 장점인 미드정글 주도권을 강하게 잡아준다 이걸 밴픽에서 그냥 자기 자신들이 없애버림 커즈저격밴도 솔직히 왜 한건지 모르겠고 질리언을 해서 바텀 캐리력을 올려줄꺼면 바텀 주도권을 잡기 쉬운 픽을 해주던가 아니면 카운터픽을 했어야 하는데 그것도 아니고 자신들이 좋아하는 라인전 부터 굴리는 스타일을 버리고 왜 중후반 까지 무난하게 가야하는 밴픽을 한건지 진짜 오늘 젠지패배 요인중 는 밴픽전략차이이라고 생각함,0.19945294
677,                a ng              ,젠지는 초반엔 색을 좀 바꾼것같더니 아직도 드러눕기식으로 가냐 왜 항상 같은색깔만 고집하고 같은 패턴으로 지는걸 반복하는거지 진짜 보고도 가 이길만 했고 그만큼 젠지는 경기력도 벤픽도 모두다 하락했다 강팀을 잡아야 진정한 강팀이지 약팀만 잡는건 약자멸시밖에 안돼 제발 정신좀 차리고 제 기량들 회복했으면 좋겠다 후반와서 정글도 원딜도 잔실수 많아지고 초반에 압살하는 특색도 사라지던데 한화한테 진게 우연이 아니야 마인드를 바꿔먹어 좀,0.024603128
678,                김민혁              ,오늘 결승전 소감 젠지는 전형적인 룰러키우기 은 상체가 쌘 사일코르키를 먹고 테디에게는 안전하게하는 원딜챔프를 주는게 전력이였건거 같음김정수감독님이 라젠지전에서 썻던 조합을 한번더 해봄개인적으로 젠지가 룰러키우기를 했다는것에 나는 젠지에게 실망했다라스칼비디디한테 오른질리언을 주고 원딜 이즈리얼을 시키는게 말도 안됨 차라리 젠지가 블루 사이드를 먹고 룰러 포킹바루스 시키고 미드 탑에게 클템님도 말씀하신 비디디 에코  탈리아  르블랑 라스칼은 제이스 이런거를 쓸 생각을 하면 최소 일방적인 경기는 아니였을거임 엠비션님이 오늘 온라인중계 인터뷰에서 비디디차이라는 말을했는데 ㄹㅇ 비디디차이였음 캐리력넘치는 선순데 질리언을 쥐어주는게 말이냐고참고로 나는 티원골수팬임 근데 경기보면서 젠지에게 너무 실망쓰러웠다 젠지의 그런 포스는 온데간데없었다  물론 결승이 처음이라 그럴수있을수도있다  근데 나는 젠지의 실력이 아니라 준비력에 실망을 받았다는것을 말하고싶었다 젠지는 아마 경기 의 바론을 막을때부터 멘탈이 박살난거 같았음 그 바론이후로 판단이 안생김 경기는 말할것도 없고 그래도 준우승란것은 대단한것이다 오늘 경기에서 진 젠지는 분명 얻어가는것이 있을 것이고 섬머때 더 강해져온 젠지를 만나고싶다  모두 수고하셨습니다,0.8742242
679,                학준              ,등이다,0.78936005
682,                Injik T1              ,의 절반을 우승하네 한팀이 ㅋㅋㅋㅋㅋㅋㅋㅋㅋㅋㅋㅋ 회,0.124218225
683,                불꽃남자상훈              ,칸나 뇌절흠 조금 더 사려야될듯,0.40855622
684,                Clone_Coding              ,대떡  재평가시급,0.84673727
687,                곽철용              ,롤판도 너무 고였다 새로운팀 새로운인재 안나오냐 너무노잼,0.07451889
688,                성이름              ,배신자 처단,0.46317866
689,                Yong-su Kim              ,해설 시끄러워서 뭔소린지 들리지가 않아 소리지르는건 명이면 충분하잖아,0.06615245
690,                김성훈              ,그냥 오늘 모든 라인이 이 우세하더라 심지어 감독코치까지 젠지 경기력에 조금 실망스러웠고 오늘 경기로 젠지는 약강강이라는 생각이 약간 듬 반면에 은 정규시즌에 젠지를 전부 잡은게 우연이 아니란걸 증명해버렸지 ㅠ 되게 비등비등하고 재밋는 경기를 기대했는데 써머때는 젠지가 강팀다운 면모를 잘 보여주길 ㅠㅠ,0.52822137
693,                얌마Uru              ,정말알수없는게 인듯하지만 이번결과만봐선 롤드컵 존망인듯지금 경기력으론 강이 최선인듯는 더노력하길우승축하해요,0.86595476
694,                이Brad              ,이번 롤드컵도 글렀다 이렇게 드루누워서야 뭐하누 하,0.05496466
695,                자의              ,그리고 그브를 가져가면 킨드레드를 가져가야지 렉사이를 왜가져감 그브 조질려면 킨드레드밖에없음 렉사이는 원딜형 정글러한테 밥이라 힘듬,0.09245142
696,                새벽달팡이              ,세트부터 아예 젠지팀은 눈가가 붉어서 마음이 좀 안 좋았음ㅠㅠ 빛이 있으면 그림자도 있다고 티원이 이겼지만 왠지 마음은 무거웠습니다 두팀 모두 수고많았아요예전엔 준우승도 상금수여식 했던거같은데 아닌가요,0.66046
698,                나코              ,진짜 해설 ㅈㄴ듣기싫다,0.018276125
699,                Sw J              ,이번년도   기인 기대했지만 안돼고 로치라 걱정했는데 칸나가 의 탑을 잘 메꿔줘서 다행이다언젠가 페이커 은퇴하면 미드는 쵸비로 기대하고있다,0.8676748
700,                의사양반              ,결승전이 아니라 그냥 이 하위팀 상대로 농락한 것 같다,0.07132158
702,                금개마              ,칸나가 칸이랑은 다른느낌으로 잘한다 칸처럼 개쩌는 느낌 그런건 없지만 훨씬더 안정적이고 이때다 싶을때 본인할거 이상으로 팀에기여한다,0.61367524
704,                이유준              ,개노잼,0.005851833
705,                박사독고              ,근데 칸나는 존나 못한다 결승전에서 버스만 타네,0.33144218
706,                나는야 나우르              ,이건 의 우승을 축하해야 하는 게 맞긴 한데 이 정도면 솔직히 는 망한 것 같다,0.03338022
