,id,document
0,                AGCT              ,<FAKER>MSI CHAMP x2WORLD CHAMPION x3LCK TITLE x9
1,                형주              ,커즈:와... 드디어 이겼네..칸나:와 우승했다페이커:오늘 고기먹겠당
2,                우우가가우가가              ,갓정수 시즌내내 실험하고 있던거 ㄹㅇ입니까..순위권 유지만 하고 실험하다가 결승은 뚝딱ㄷㄷ결승전에 실험결과 제출하는 거 보소ㅋㅋㅋㅋ젠지 박탈감 심할듯ㅠ
3,                양우혁              ,페이커 3경기 합데스 단 ‘1’
4,                고승표              ,결승 보면서 티원 팬인데도 젠지의 밴픽과 경기력에 대해 안타까운 생각이 많이 드는 게임이었음.. 작년 스프링 결승처럼 판테탈리 바텀조합같은 특이한 픽이 나온것도 아닌 더 좋은 픽들이 있는데도 의문스러운 밴픽이 자꾸 나온듯
5,                이태하              ,"여러분은 누군가의 ""소확행""을 보고 계십니다."
6,                이승훈              ,LEGEND NEVER DIE...
7,                S orry              ,'F A K E R'LCK 9MSI 2WORLD 3
8,                차니              ,10:10 다들 제 각각 해설 하다가 한명이 티~~~~~ 하니까 다 같이 원~~~~~ 하는거 왤케 웃기눜ㅋㅋㅋㅋㅋㅋ 티~~~~원ㅋㅋㅋㅋㅋㅋㅋㅋㅋ
9,                연제혁              ,13:22 그의 대회텐션 ㄷㄷ 이게 매력이지
10,                이상곤              ,결승전페이커 1데스커즈 2데스테디 3데스 ㄷㄷ
11,                정병관              ,테디의 비공식 펜타 너무 아쉽다 펜타킬이었으면 더 좋았을텐데..
12,                Sehyun Kwon              ,13:43 아니 이 체력에 점멸 안쓰고 그냥 무빙으로 피하는 베짱 ㄷㄷ
13,                훌라훌라              ,아니 웃긴게 트레쉬 토크를 을프랑 엠바션이 함 ㅋㅋㅋㅋㅋㅋㅋㅋㅋㅋ
14,                김용진              ,??? : 3:0으로 빨리 이기고 회식하는게 저의 소확행이에요
15,                SH C              ,1:53 오늘도 전기고문 당하는 김동준
16,                박진              ,페이커 : 저는 클라이드를 만나면 전투력이 두배 상승합니다.
17,                엔지              ,거의 젠지(콩)는 까야 제맛이지 수준인데 skt는 항상 젠지만 만나면 전투력이 5배는 오르는거 같애
18,                고수              ,3년넘게 전세계를 휩쓸었음에도 불구하고 패배에 분해 눈물 흘릴줄 아는 진짜 승부사 페이커 그리고 그 눈물을 원동력 삼아 한층 더 성장한 페이커. 레전드 네버 다이 영상을 보면 아직도 소름이 돋고 너무 멋있습니다. 페이커선수가 은퇴하기 전까지 그 뜨거운 승부욕 보여주시면 감사하겠습니다. T1 살아있는 레전드.페이커 선수가 다시 롤드컵을 들어올리는 장면을 꼭보고 승리의눈물을 봤으면 좋겠습니다. 페이커선수 화이팅.
19,                뀨꾸꿀뀨뀰뀨?              ,커즈 진짜 맘고생 심했을텐데 우승으러 모든걸 털어버리고 우리T1 롤드컵까지 우승합시다!!!!
20,                Jong Su Choi              ,김정수 감독 이정도면 롤드컵 청부사가 아니고 그냥 강팀 제조업체 대표같다 ㄷㄷㄷㄷ
21,                장세웅              ,진짜...t1은 어디까지 올라가려나...t1의 우승=페이커우승
22,                끼이요옷              ,오늘 t1 다 잘해줬는데 개인적으로 커즈가 오늘따라 빛나보였음 drx전엔 칸나가 빛났다면 이번 젠지전은 커즈가 빛나보였음 젠지 벤픽을 보면 123경기 다 정글쪽 저격벤이 많은데 커즈는 오히려 존재감 뿜뿜하면서 지각해서 벤픽2개 날려도 1경기 퍼블기여하고 3경기 스틸2번하는거 보고 ㄹㅇ 정글대통령이 맞구나 생각했음 아무튼 t1 젠지 둘다 수고하셨습니다!
23,                박바삭              ,v9 + 칸나로얄로더 + 완승 + 정글대통령 커즈mvp + 1세트 밴카드 2개 상실
24,                lemonade 616              ,커즈님 포옹하는거 너무 귀엽네
25,                누둥이              ,13:25 침착해 침착해;
26,                jk j              ,선수들도 진짜 대단한데 감독 역량에 감탄하게됨 진짜  킹정수
27,                해바라기 오태식              ,10:15 젠지에 사람이 없다고 말하는 용준좌
28,                정수환              ,???: 우승 커리어로 3성작을 하는 팀과 플레이어가 있다? 뿌슝빠슝뿌슝
29,                정주현              ,울밥대전 울프 압승 ㅋㅋ
30,                매미맴맴              ,15:40 에포트 마지막까지 바론 못가게 막는거 왜케 멋있냐 ㅋㅋ ㅠ저게 서포터다 진짜
31,                ᄒᄃ              ,9:25  에포트반응 미쳤는데
32,                김영민              ,6:05  ㅋㅋㅋㅋㅋㅋㅋ칸나 트름하고 멋쩍어서 웃는데?ㅋㅋㅋㅋㅋ나만봄?ㅋㅋㅋㅋㅋㅋㅋㅋㅋㅋ
33,                최진영              ,???: 거 졸렬하시네... 포킹 좀 그만합시다??: 그쪽도 2017 월즈때 졸렬하게 하시지 않았나요~?
34,                퇴족구              ,2밴없이 1세트 이겼다? ㅋㅋ 솔직히 3:0예상했음...
35,                JW C              ,뭔가 T1은 매 스플릿마다 리그 내내 설렁설렁하고 실험하다가 토너먼트에서 본인들 플레이에 확신이 생겨서 다 박살내고 우승 먹는 것 같네. 근데 그게 존나 까리하게 멋있는 팀
36,                우오              ,미드차이ㅋㅋㅋ
37,                ᄂᄂᄂᄂ              ,"이번 시즌 유행어 ""티이이이이원~~~"""
38,                부랄스타즈              ,젠지가 1등진출이라 3대떡은 진짜 예상못했는데 T1이 초반킬을 조금 당해도 운영(오브젝트)에서 상대가 안된다. 이대로 월드챔피언쉽 우승 가자!
39,                정환              ,10:57 아니 에포트가 오더 계속 하는거였어?? ㅋㅋㅋㅋ 완전 다른사람이네
40,                트오              ,김정수 감독삼성 겔럭시 롤드컵 2016 준우승 (결승)롱주 게이밍 롤드컵 2017 8강IG 롤드컵 2018 우승 (결승)담원 롤드컵 2019 8강T1 롤드컵 2020 ???결승8강결승8강“결승”
41,                갓백수              ,설마 젠지가 한세트도 못가져갈 줄은 생각도 못했음 오늘 티원 너무 잘했다 ㅠㅠ
42,                지구              ,오히려 T1이 2위한게 한수 위였던거 같음 디얼엑스 경기때부터 폼 많이 올렸는듯..
43,                wiewoei oiful              ,칸나.. 세체탑이 될 조건은 다 갖췄다. 애니 부터 눈물과 데뷔시즌 우승.. 매드무비 볼때부터 알아봤다. 아주 크게될 선수다!
44,                Test              ,그렇게 그의 전화번호는 지켜졌다고 합니다..
45,                머쓱타드              ,14:17 강타안쓰고도 먹는 그는...
46,                xx GG              ,11:42 ㅋㅋㅋㅋㅋㅋ 테디 개귀엽네
47,                나다              ,테디 진짜 ㅈㄴ잘해 ㅜㅜ
48,                부우              ,치킨 오기전에 끝나는건 너무하잔냥...
49,                내오형              ,오늘 커즈는 어디에나 있었고칸나는 어디서나 단단했다
50,                *시스이의왼쪽눈깔*              ,0:51 저게 프로다
51,                김민석              ,페이커 작년에 손떠는거 보고 많이 슬펐는대 올해 10주년 롤드컵에 황제의 귀한 레전드 귀환 보여주자!!
52,                삼성충jhj              ,이건 T1도 잘하긴 했는데 실력차이 너무났다......
53,                아!?이폰?              ,Gen G님 너무 상심하지마요상대가 t1이잖아ㅋ
54,                양명성              ,4:38 팬티 뭐임
55,                김동원              ,11:22 에포트 그의 타워사랑
56,                선우그란데              ,skt 항상 벤픽보면 팀이랑 전혀 안맞는 픽 한번씩해서 좀 그랬는데진짜 김정수 감독은 t1을 너무 잘아는거 같다
57,                레드와인버건디              ,롤드컵 타이틀 가지러가자 이제
58,                류민혁              ,전문가들 3:0 3:1이 대부분 티원압승예상 난 T1팬이지만 솔직히 좀 쫄렸다 분명 젠지도 엄청잘하는팀이니까 솔직히 내부사정은 모르겠는데너무 대놓고 룰러의존픽 너무심해 룰러잘하는거알겠는데 그렇게까지 룰러만봐라볼 팀인가? 해설자들도 벤픽할때 계속 끙끙앓더만 벤픽이 클템은 수습하게 바쁘고 긴장연출할려고 희망고문계속얘기하고 비디디 플레쉬랑 궁 계속얘기하고 제3의 팀이봤을때 젠지 벤픽결국은  재미없는 결승 중동메타..그래서 3세트 다짐 3세트는 애들표정보면 걍 멘탈다나감
59,                hh H              ,결승전 하이라이트가 무슨 20분이 안되냐..
60,                이우용              ,T1은 2일간에 준비한게많아보엿지만 반면 젠지는1주일이라는 비교적오랜기간동안 준비한게 없는느낌...
61,                버거찐찌              ,경기전 엠비션 중계인터뷰에서 bdd차이 이러더니 ㄹㅇ ㅁㄷㅊㅇ로 떡발렸노 ㅋㅋㅋㅋㅋㅋㅋㅋㅋㅋ
62,                유호창              ,ㅋㅋㅋㅋㅋ에포트 마지막경기까지 넥서스 치는거 개기엽네 ㄹㅇㅋㅋㅋㅋㅋㅋㅋ
63,                송의준              ,앰비션이 맞았다...ㄹㅇ 비디디차이^^으~딜 다전제 T1한테 비벼
64,                걍모름              ,페이커 폼 미쳤네 ㄷㄷ
65,                김상연              ,T1 우승 축하드리고 젠지 DRX분들도 수고 많으셨습니다 올해는 꼭 3팀 다 롤드컵 본선 가면 좋겠네요 응원합니다
66,                서가              ,11:38 ???: 잡자잡자잡자에포트 : 미안해 끝낼게~
67,                동혁              ,비디디차이
68,                허언왕김진실              ,스크압살 예상했는데 진짜 셧아웃 시켯네 젠지는 시즌초부터 결승까지 픽이 똑같네 이러니 스크가 압살하기 쉬웠지
69,                고승윤              ,11:26 칸나가 질리언 폭탄 달린 미니언한테 텔 써서 웨이브 유지하는 깨알 센스
70,                Hoàng Nguyễn              ,11:43 it's my first time seeing effort excited
71,                류진현              ,우리 상메 파랑머리 염색 가즈아~~~~
72,                Karin              ,ㅠㅠㅠㅠㅠ 넘 아쉽다 플옵 시작부터 티원 너무 급격하게 잘해...이번엔 젠지 우승 진짜 보고 싶었는데 ㅠㅠㅠㅠㅠ
73,                INCHEON GAMING              ,일부러 1등을 안하고 경험치 쌓을려고.. 킹정수 당신은 대체..
74,                H Choi              ,"결국 올드플레이어 하나, 명장 한명은 있어야하는게 아닐까. 앰비션이 룰러를 빅게임 헌터라고 했는데. 앰비션 니가 있을떈 그랬겠지. 라는 생각이 드는 결승이였다. 코르키에 위축돼서 아무것도 못하는 1,2세트, 3세트는 이미..   아쉬웠을 따름."
75,                Haesung Song              ,치킨이 식기 전에 적장의 목을 베어왔다..
76,                6시간전              ,15:42 킹포트 어그로 다끄네
77,                도날드덕              ,13:18초 클템ㅋㅋㅋㅋ안녕 난 테디라고해ㅋㅋㅋㅋㅋㅋ
78,                김딱지봉지              ,칸나 오른 플레이 너무 멋있다 진짜....
79,                김준홍              ,아니 10번중 9승이면 아무리 티원이라도  페이커없었음 9연승 했을까?페이커 티원 그 자.체
80,                프로젝트:파이크              ,페이커 롤 커리어 ㄹㅇ 지리네..
81,                전진              ,결승만되면 짐승이되는팀 ㄷㄷ 그이름T1 the 협곡
82,                정원준              ,ㄹㅇ T1 경기 보면서 SKT때도 그렇고 초반 부진하다가 중후반에 일어서는거 보면 진짜 뭔 저런팀이 다있어 라는 말이 절로 나옴
83,                현대아파트놀이터그네1짱엄준식              ,앰비션 울프 트래시 토크 올려주삼
84,                망곡분석가'이승              ,왜 젠지는 t1한테 졌을때 밴픽이랑 달라진게 크게 없냐... 픽만보면 그 준비기간 짧았던 drx보다도 준비를 안한 느낌임
85,                빗자루              ,안녕난테디라고해 ㅋㅋㅋㅋㅋ
86,                림진이에요              ,"""t1 is legeno"""
87,                츄츄              ,자 그래서 이제 누가 최고의 미드지 ? ㅋ
88,                버미              ,압도적이라 노잼이었지만 슼이 이겨서 기분좋다!!! 롤드컵 우승가자
89,                김재원              ,3:26 아니 소리지르는거 뭐라고 ㅈㄴ웃기냐 ㅋㅋㅋㅋㅋㅋㅋㅋㅋㅋㅋㅋㅋㅋㅋㅋㅋㅋㅋㅋㅋㅋㅋㅋ
90,                용용용              ,진짜 이번 경기에서 다시 느꼈지만 이전에 페이커선수 혼자 플레이메이커(미끼) 할려고 고군분투한 느낌이였는데 그러다 몇번 죽고 힘든적이 많았는데 이번에 테디선수가 아펠로 앞에서 미끼플레이하고 살아가는거 보고 호응이 잘되고 한몸 된듯한 느낌을 받아서 정말 좋은 경기였습니다
91,                Sch Ash              ,11:42 미안해 끝낼게~
92,                시스티나              ,"진짜 너무한거 아니냐 ㅋㅋㅋ 뭐 버그냐 도대체 다전제, 결승만 가면 무슨 괴물들이 있냐 ㅋㅋㅋ 일부로 장난치나 ㅋㅋㅋ"
93,                Playboi Carti              ,13:51 ㅋㅋ
94,                장시온              ,진정한 승리자 ㅇㅅㄴㅅ
95,                김정환              ,"T1 과 Gen.G차이코치진 차이,벤픽차이ㅌㅊㅇ , ㅁㄷㅊㅇ ,ㅈㄱㅊㅇ, ㅂㅌㅊㅇ"
96,                Kuzma lea              ,이런밴픽을짜는 감독을 베스트코치로 투표한사람이있다?!
97,                minus IN              ,"사전 인터뷰는 안올라오나요? 강찬밥, 페까랑 퍽즈"
98,                허유진              ,"""living legend"""
99,                쿠고로노마              ,t1 어디하나 빠지는 라인이 없네 ㄷㄷ
100,                EXHAUST-MEERKAT              ,15:25 같은 탑유저로서 이 장면이 탑은 어떤 마인드로 해야되는지 알려줬다
101,                김민지              ,문우찬 안기는거 귀엽다..
102,                안재현              ,3세트에 볼리베어 있는줄도 몰랐네 ㅋㅋ
103,                서채환              ,"오늘 커즈,칸나 존나 잘했다"
104,                6시간전              ,5:53 허접허접허접허접허접
105,                하루과학              ,하체게임만하는 젠지는 상황에 맞게 조합과 플레이 스타일 변모하는 T1을 이길 수 없지
106,                Tleod Shim              ,13:27 그의 환한 미소
107,                진채채              ,"17:04테디 비공식 펜타, 에이스"
108,                망고망고              ,와... 페이커 CS..... 어느구간에서 봐도..
109,                김준영              ,지금보니까 t1은 다 안경쓰고있네
110,                박대훈              ,4:30 에포트 플레시 그랩 ㅋㅋㅋㅋㅋ 위치 진짜 개오진다
111,                YS P              ,10:59 상혁이형 입 모양 넘 귀엽누♡
112,                정진송              ,"11:40 타워치는데 미안하다고 말하는 상메와 커즈좌,,, 너무 착한거 아니요ㅠㅠ 광광"
113,                asdf qwer              ,ㅋㅋㅋㅋ 비폭력제이스에다가 '배신자' 처단
114,                박보성              ,"9단주의 V9, 정말 축하합니다"
115,                키히니segsihyoni              ,13:26 테디:아~~나이싸아~~
116,                김경태              ,비디디 마지막에 우는데 너무 안쓰럽더라 이기고 빠커 번호 따가겠다고 했는데ㅠㅠㅠㅠㅠ
117,                eugene Choi              ,"커즈가 매 라운드 미쳐 날뛰고, 라이너들도 정말 집중력 가지고 잘했다. 페이커도 언젠가 은퇴를 할텐데.. 페이커 없는 T1은 메시 없는 바르셀로나 같이 어색하겠지"
118,                don't come to me pop              ,APK 잊지않겠읍니다....
119,                쏘쏘              ,13:24 아 나이뚜~! ㅋㅋㅋㅋㅋㅋㅋㅋ 행복롤
120,                멸치칼국수              ,Lck 해설들 ㅋㅋ 예측 ㄹㅇ 똥 인정해버리는 결과 너무 좋구요 T1 무시하더니 너무 좋구요~
121,                김시우              ,너무 압도적인 경기력이라서 결승전이 아닌것 같더라
122,                단결              ,밴픽이 문제가 아니라 걍 실력차가 너무 심함ㅋㅋ
123,                DaeCheon Choi              ,누구나 부진은 있는법
124,                김문선              ,커즈 이기고 나서 깡총거리는 거 왤케 귀여워ㅓㅋㅋㅌㅌㅌㅋㅋㅋ 이번에 t1 다 만족한 경기같아서 좋다ㅎㅎ
125,                Pau L              ,ㅋㅋㅋㅋㅋㅋ 11:42 원딜의 외침
126,                이종혁              ,한마디로 팩트있게말하면 t1이 잘했음
127,                김효찬              ,영상요약 : 우우웅~ 쾅
128,                염라아저찌              ,테디 너무 귀엽다ㅏㅠㅠ  나이따~
129,                김본              ,15:20 난 이때 오른 옆에 누가 있는줄
130,                안혁주              ,개웃기넼ㅋㅋㅋㅋㅋ 영상 보면서 제일 많이 듣는 해설이 뿌우우~~~랑 T1!!!!이다 ㅋㅋㅋㅋㅋ
131,                Ku Koo              ,폼은 일시적이지만 클라스는 영원하네 스크....
132,                정지호              ,???: 아ㅏㅏㅏㅏ아아ㅏㅇㄱ 오 오오오?ㅇ 아아ㅏ아아가 시끄러워서 못보겠네 ;;;
133,                JiYong 33              ,drx재평가....
134,                꽃가람              ,커밑클
135,                꽃동네원이              ,젠지 이상적인 조합T1 뭐지라고 생각하게 만들지만 역시 T1인 조합
136,                내가상기다              ,같은 아지르 다른느낌
137,                래포키              ,All time legend취한다 크으 영원한 T1팬이자 페이커 팬이다 응원합니day
138,                김원기              ,8:58 클템과 다른 사람과의 차이... 질리언 터지면 한타 못 이기는걸 클템은 알고있지만 다른 해설이나 캐스터는 무작정 싸움 일어난곳만 보고있음...
139,                이종필              ,칸나 커즈 진짜 잘한다 ㅋㅋㅋㄲ
140,                [Animator] Kyle              ,16:17 그와중에 커즈 어시 없누 ㅋㅋㅋㅋㅋㅋ
141,                서진형              ,앰비션:비디디차이하더니 미드 정글 촤이 비디디 차이네 ㅋㅋ
142,                쏘가리              ,"우승청부사 ""킹정수"""
143,                제닉스              ,6:54 오른 너프 좀 저게 챔이냐;
144,                june              ,이거 너무 잔인한데 노딱 안붙나
145,                헉헉              ,1:20 와 핑와 ㄷㄷㄷ
146,                SEONGHYEOK GWON              ,10:13 진짜 너무 좋음ㅋㅋㅋㅋㅋㅋㅋㅋㅋㅋㅋㅋㅋㅋㅋㅋ
147,                정재원              ,16:34 테디 비공식펜타
148,                아잉눈              ,미쳤네 ㅋㅋㅋ바루스 딜봐라 너프 각이네
149,                정택운              ,T1이 이길줄 알앗다..
150,                ᄋᄋ              ,4:46 해설자 흥분;;
151,                이일이              ,??? : bdd차이
152,                Youtube엄준식              ,3세트에서 커즈 강타싸움 진짜 레전드 ㅋㅋㅋㅋㅋㅋㅋㅋㅋㅋㅋ
153,                김진재              ,T1이 이끄는 시즌엔 롤드컵을 기대 할 만 하다.
154,                Cliff Chu              ,13:16 안녕 난 테디라고해
155,                고태영              ,13:24 아 나이따~~~
156,                Criticcal Patrick              ,역대급으로 시시한 결승이 되었다
157,                녹스녹스              ,어우슼이 어우슼했을뿐.......
158,                이주영              ,개인적으로 이번 시즌 T1 전체적인 조화가 너무 좋다 전시즌 보다
159,                동수              ,뿌우우우우우 개웃기네 ㅋㅋㅋㅋㅋㅋㅋㅋㅋ
160,                민훈기              ,동준좌 카시궁 여러번 들리네ㅋㅋㅋㅋㅋ
161,                김상우              ,T1은 다 빛났는데 젠지는 한명도 안빛난듯 진짜 칸나 커즈 페이커 테디 에포트 다 완벽에 가까운 경기력. drx는 상대적으로 선방한거였네
162,                100 5              ,해설 개웃기네 ㅋㅋㅋㅋㅋㅋㅋㅋ
163,                빨리보틀 palli bottle              ,칸나 커즈 왜케 잘하냐
164,                풍악              ,에포트 파랑머리 확정
165,                ᄋᄋ              ,9:00 ???: 질리언! 질리언! 솔직히 좋아해
166,                Timothy Lee              ,10:14 이거 어째 맞추노?
167,                귀요미              ,T1이 김뚱감독 오더니 ㄹㅇ 스타일이 확바뀜..김뚱 ㅎㅇㅌ❤
168,                얍얍              ,T1도 잘했는데 젠지가 ㄹㅇ 밴픽 너무 멍청하게 했음
169,                몽몬차차              ,10:13 와...클동준  약속이라도 한듯 T~~~~~~1~~~~~~~ 3중주역시 이맛이지!!!
170,                안선생              ,괜히 빨리 이기고 회식하는게 소확행이라 인터뷰 한게 아니네...그저 신..빛상혁...당신은 대체...
171,                옛날              ,마지막에 크레이지 커리어!!이럴때 약간 오그라듬ㅋㅋㅋㅋㅋ졸귀탱
172,                박태현              ,??? : 페이커 3성 띄웠다
173,                찐들의향연              ,칸나 미쳣다 공격적인게 너무마음에든다
174,                Jeremy Van Lewis              ,9:52~10:15 진짜 t1 선수 5명이 하나가 된 듯하네.어그로도 완벽하고 한 명 빼면 한 명 들어가면서 서로의 호흡이 완벽함. 진짜 경이롭네
175,                정진욱              ,진짜 세계관 최강자들의 싸움이다..
176,                이름없음              ,해설자들 맞춘거처럼 T1하는거 겁나 웃기넼ㅋㅋㅋㅋㅋ
177,                돌맹이              ,매 장면마다 아아아아악 하는 비명소리들리네 ㅋㅋㅋ
178,                닥귤              ,비디디차이
179,                하늑              ,아무튼 drx가 더 잘함 ㅅㄱ
180,                현구              ,무슨 t1은 ㄹㅇ 일겜하는 줄 알겠네 ㅈㄴ 침착하네;;
181,                이선호              ,아니 근데 티원페이지는 오떻게 경기 끝난지 얼마 지나지도 않았는데 바로 썸네일까지 뽑고 그렇게 빨리 올리는걸깤ㅋㅋ
182,                이찬희              ,칸나 갱킹때문에 고생하는거 진짜 안쓰럽다..ㅋㅋ
183,                박차돌              ,난 우리 슼 항상 응원한다
184,                가람              ,4:25  테디가 페이커 복수 해주노 ㅋㅋㅋ
185,                fan eminem              ,칸나 겜할줄아넼ㅋㅋ 1세트에는 t1 인장질 2세트에는 면상텔 ㅋㅋ
186,                김훈              ,압살
187,                수홍              ,칸나 lck 데뷔시즌 곧바로 우승..ㄷ
188,                노래가좋아요              ,6:05 칸나쉑 웃는거 귀엽네
189,                오석근              ,반ㅋㅋ짘ㅋㅋ원정댘ㅋㅋㅋㅋㅋ
190,                6시간전              ,테디 16킬 ㅁㅊ ㄷㄷ세트당 5.333333..킬
191,                Junwoo Han              ,진짜 완벽한 경기력
192,                ᅳᄏᄏᄏ              ,Msi 취소된게 넘아쉽다 이정도 경기력이면 우승 노릴만했는데 ㅠ
193,                Jaden              ,T1 다섯명 얼굴 느낌이 다 비슷해...ㅋㅋㅋ
194,                한영재              ,T1사랑해 ㅠㅠㅠ
195,                BLU EX4              ,ㄷㄷㄷㅈ
196,                김지현              ,칸나 레알 괴물이네ㅋㅋㅋ
197,                이민우              ,페이커 이번시즌 토너먼트는 DRX전도 그렇고 최근 몇시즌 동안 제일 베스트 폼이였던거 같았음..
198,                전성준              ,3성페이커 만들면 무적이라며? ㅋㅋㅋㅋㅋ
199,                내 이름은장덕철              ,막판 볼베 존재감 무엇?ㅋㅋㅋ
200,                프로젝트:파이크              ,아니근데 머쉬베놈 ㄷㄷㄷㅈ 찍은동영상 어디감? 갑자기 삭제했네뭔 문제있나 ㅋㅋㅋㅋ
201,                퍼플              ,진짜 칸나 칸 데뷔때 보는거같은게 둘다 신인때 엄청 공격적으로 했는데 오른가지고 ㄹㅇ 엄청 공격적으로하네
202,                Locerd              ,칸나 진짜 운영이나 솔킬이나 모든게 거의 완벽함 ㄹㅇ
203,                Sanghoon Lim              ,하이라이트는 꼴픽 발밴픽이 하이라이트지 ㅋㅋ
204,                Tang Haemul              ,이게 그 전설의 ㄷㄷㄷㅈ 인가?
205,                Chansoo김찬수              ,15:00 에포트 어떻게 알고 세주 끌어준건가?
206,                w 4              ,첫판 룰러랑 비디디 개고통받네ㅋㅋ
207,                이현일              ,9:26 에포트 반응속도 실화...?
208,                지나가던_이과생              ,"2:04 ""삼각무빙"""
209,                El ma              ,10:03 '그' 게임들에서 최고의 활약 중인 딜러들의 이름이 한꺼번에 언급되었다(?)
210,                ᅳᅳ              ,ㄹㅇ ㅋㅋ 칸나 오른 w 플 평에 당한 사람 개 많음 ex) 감동란 라슥갈
211,                Miracle with you              ,3대 0으로 이기길 바랬던 사람이라 그렇게  이겨서 좋긴한데너무 일방적으로 이겨서 재밌진 않았어좀 살살했어야됬어 아직 썸머도 남았고 롤드컵 전인데차라리 3세트까지 벤카드 한개만 계속 들고했으면 좀더 치열했을까
212,                줄리냥              ,ㅋㅋㄱㅋㅋ 실시간으로 볼때는 몰랐는데 한타열리고하면 김동준해설 목소리밖에 안들리네 목청보소 ㅋㅋㅋㅋ
213,                호엥              ,뿌우ㅜㅜ우 뿌우우웈ㅋㅋㅋㅋㅋ
214,                sesanglovel              ,뿌우우우우----- ㄸㄹㄹㄹ! ㄷㄷㄷㅈ!
215,                조건희              ,1:45 에포트 플판단 쥰내 과감하네
216,                ᄋᄇ              ,13:10 여기서 집간거는 진짜 의도를모르겠네ㅋㅋㅋㅋ
217,                지나가던개              ,13:27 스폰지밥
218,                정글모데하는사람              ,1세트: 간나2세트: 칸나3세트: 갓나
219,                咖啡맹              ,커즈칸나 ㄹㅇ 신들렸냨ㅋㅋㅋㅋ
220,                LCK팬계정              ,페이커 기억상실증 걸렸누 ㅋㅋ갑자기 15슼이 되어버림 ㄷ
221,                김정민              ,역시 정수수집가
222,                정영호              ,16분부터 해설 개웃기네 ㅌㅋ
223,                Price Of Inequality              ,룰러ㅋㅋㅋㅋ결승전에서 조차 플래시 들고 또 cc기 맞네 고질병이다 이정도면
224,                ᄃᄉ_              ,13:22 결승에서 마저 이런 텐션을 가지는 장군님 클라스
225,                남지훈              ,진짜 이번 롤드컵 믿어봐도 되는거야...?
226,                아니야응              ,페이커 3경기하는데 데스수 단 1 ㅋㅋㅋㅋㅋㅋ
227,                김경모[IIDX KKM*]              ,커즈 진짜 잘한다
228,                돌돌이집              ,젠지 잘하는데 티원이 너무 압도적이다 ㅜㅜ
229,                리온              ,와 3:0이네첫판보고 그냥 3:1정도 나올줄알고 안봤는데 ㄷㄷ
230,                보숭이              ,16:22 오른궁에 불안정 데미지 분명히 터졋는데왜 유지되어있나요?? 불안정데미지 총3번 넣네요
231,                이하람              ,영상 길이만 보고 결과를 알았다 ㅠ
232,                김기후              ,커즈가 진짜 개 잘하네...
233,                EI OI              ,페이커 말 그대로네 ㅋㅋㅋㅋ빠르게 3:0
234,                신도윤              ,"T1 팬으로써 기분은 좋은데, 뭔가 싱거운 느낌... 젠지가 티원만 만나면 뭔가 그 젠지 느낌이 안들어요 ㅠㅠ"
235,                Thomas Mark              ,칸나 솔킬할때 경기를 솔랭 하는 것처럼 긴장하지않고 매드무비를 찍네
236,                남승현              ,김가네 감독들 잘하네 ㄹㅇ 김정균 김정수...ㄷㄷ
237,                김진훈              ,젠지 밴픽보면 진짜 ㅈ같더라 향로메타 지난지 언젠데 원딜 몰아주는 픽하고 원딜이 에이밍처럼 안정적으로 하는거면 몰라 섬머 때는 좀 바뀌었으면 좋겠다
238,                꿈털이              ,9:00 질리언이! 질리언이 터졌어요!   터졌어요 발음 왜이렇게 감겨요 쓰레기님ㅋㅋㅋㅋ
239,                겁나게쉬운이름              ,13:26 테디 텐션 ㄹㅈㄷ
240,                윤신영              ,10:14 3명 다 t1!!!!! 소오름..
241,                김광규              ,9:26에포트 반속봐 ㄷㄷ대치중인데 그걸 체크하고 피하네
242,                진채채              ,13:53??: 테디에게 킬을 넘기는건가요~?에포트: 어림도 없지 ㅋ
243,                꿈털이              ,10:53 페이커 눈돌아가는거보임? 이게 페이커다. 근데 입도 돌아감.
244,                이거보고 구독안하면 집에 바퀴벌레100마리나옴              ,상혁이형 화이팅!!
245,                유튭              ,젠지...사랑해...ㅜㅜ
246,                Iiene I              ,클라이드 화이팅
247,                백정              ,7:32 '깃창 텔'
248,                네모              ,13:23 페이커:버그있어 버그 테디:아 나이따~~
249,                0912 MARE              ,이제 섬머 시즌도 이기고 미드 시즌 컵도 이기고 롤드컵도 이겨야제 T1
250,                이병헌              ,3:55 그리핀?
251,                행운아              ,클라이드컷.
252,                강대현              ,10:16 젠지엔 사람이없네;;
253,                김민규              ,비디디 무새들 다 어데갓노??ㅋㅋㅋ
254,                박다빈              ,강찬밥 예언 적중 : 비디디차이
255,                R R              ,DRX 재평가 시급
256,                정명훈              ,킹짱혁 커리어는 말할 것도 없고프로 최고참인데 아직도 이정도 실력유지하는건 진짜 미쳤다라고밖엔...
257,                윤영호              ,왠지 뭉클하누.. 고생했다 T1
258,                육수닭              ,페이커있으면 나랑해도 우승각인가?
259,                깜도뤼              ,왜 사일러스를 벤 안했나...
260,                Y              ,페이커 1데스 ㅁㅊ부렸다~
261,                빼박설명충              ,???: 우리 오른이가 대회나갑니다!!
262,                진교준              ,올라프 비사지에 워모그 뭐야 ㅋㅋㅋㅋㅋ
263,                배찌Tube              ,17:20 부터 테디님 설계하신거 같은데 일부러 세주궁 맞고 풀면서 초시계로 어그로끌고 한타 여시는 테디님.. 존경합니다
264,                하이              ,2:05 무슨 코르키를 르블랑처럼 하냐
265,                ᄋᄋᄒᄃ              ,결국 3세트 코르키 밴 ㅋㅋ
266,                김핼린이              ,무슨 말이되는 경기력이냐
267,                김현우              ,13:25 테디 살인미소
268,                adorable 〰              ,페이커 선수의 업적이 또 쌓이네요. lck9회 우승.. 부진도 있었지만 극복하고 항상 높은 자리 지켜내는게 정말 대단하구 존경스럽습니다 🕊 칸나 에포트 테디 커즈 페이커 선수 및 서브 선수분들 감독 코치분들 너무 너무 수고하셨습니다! 슼팬이라서 너무 좋네요 🥰♥️
269,                가나다              ,2세트에 바론에서 서로 브리핑하고 그런거 짤렸나? 그장면 테디랑 에포트 인상깊었는데
270,                마스터간다.              ,뜨거운! 아항~♡ 과 함께 시자아아아아아아아앙아ㅏㅇ아악 하겠습니다!~~~~
271,                박대기              ,킹정수.. ㄹㅇ 롤드컵 청부사
272,                전다원              ,와 오늘 커즈 미쳤네
273,                MIT              ,ㄹㅇ 질리언 안 좋네...
274,                김장우              ,해설 너무 어수선하다
275,                경민              ,0:36  여게 밑에 왜 클템이 없나요?? C가문하면 그분인데...
276,                THIS IS A PEN              ,칸나 : 오른! 니궁 쩔드라♡
277,                한사람              ,1:15 랜턴 못 타게 하려고 핑와로 방해하네 신기해라
278,                바지장대              ,11:10 페이커 이거할려고 어그로 끌었다 라고 말할려다 말 끊긴건가?ㅋㅋㅋㅋㅋㅋ
279,                ᄒᄒWhistle              ,msc 야라가스 픽 개오바 ㅠ
280,                이이잉잉이              ,칸나 2세트때 솔킬2번땄네ㅋㅋ
281,                하부스              ,반지원정대 ㅋㅋㅋㅋ 반지 용암에 던져버림 ㅋㅋㅋㅋㅋ
282,                이학만              ,SKT1 : 죽는줄알았네GenG : 지는줄알았다
283,                물병              ,페이커 3승0패 하고 빨리 회식하는게 소확행이라고 했는데 ㄹㅇ이네... 진짜 대단하다
284,                권혁상              ,???:어 늦엇네? 좀만 쉬다가지 뭐 ㅋㅋ
285,                구름과자와부싯돌              ,13:28 샤코인가요
286,                이우진              ,근데 진짜 T1은 넘사다...ㄷㄷ
287,                혼썸남              ,국뽕에 취하네요 진짜 최고령 미드라이너 존경스럽네요 레전드 페이커
288,                보인다보여              ,ㄹㅇ 슼은 옛날부터 꾸준히 해먹네
289,                EXHAUST-MEERKAT              ,"""9기통"""
290,                김민성              ,13:16 ??:안녕 난 테디라고해^^
291,                준준              ,t1 팬인데 ..... 준비해온거 제대로 못하고 3:0으로 진 젠지가 불쌍해보일정도다...
292,                신경원              ,유니폼 bmw개간지나네
293,                공현석              ,슼 유니폼 어깨쪽에 bmw 미춋다..
294,                데이              ,페이커 lck 3성에 롤드컵 2성이네 ㄷㄷ
295,                간지마켓              ,사일 밴 안한거 가장큰 실수
296,                이태훈              ,보고 또보고 또보는데 해설에서 t1이 이기면 그낭 티이이이이 우어어어ㅓ언
297,                장재완              ,4:24브베소환
298,                Stone Moon              ,Ogn에 lck가 돌아온게 너무좋다
299,                sungbong hong              ,에포트 오더 멋있따 반하겠누..
300,                김원기              ,감독이 바뀌니 벤픽이 시원하네... 결승전에서 3:0이라...
301,                긍정              ,페이커가 총 lck 9번 우승했는데 lck는 시즌 2부터 10까지 18번했음. 그중 절반을 페이커가 우승한것...
302,                준 성              ,"젠지는 t1만나면 항상 똑같은 패턴으로 패배하네. 지더라도 높은수준의 경기를 보여줬으면 했는데, 젠지팬으로서 이번 결승은 너무 실망스럽다... 서머때는 준비잘해서 좋은모습을 보여줬으면 좋겠고, T1의 9번째 정규리그 우승도 축하합니다."
303,                멍청이보면짖는 개              ,다양성만큼 무서운게없지.. 또 거기에 능하다면..
304,                신승민              ,커즈 오늘 폼 미쳤네 ㄷ
305,                스웩              ,ㅌㅊㅇ ㅁㄷㅊㅇ ㅈㄱㅊㅇ
306,                Mr.틀딱혐오              ,드림팀은 무슨ㅋㅋㅋ
307,                Kido Chang              ,테디 바루스 포킹이 숨은 수훈이다.
308,                Harry Mun              ,18:21 - 비둘기 출현
309,                홍윤재              ,소리를 너무지른다
310,                조키              ,킬:t1 어시스트:apk
311,                이민우              ,다시한번 2017 서머 롱주의 위상을 새삼 느끼네
312,                강민              ,"시즈탱크 소리 나만들리나,,? 칸나 오른 봇에서 2ㄷ1 싸우기전 제이스한테 맞을때"
313,                임지웅              ,T1분들 우승 축하드립니다
314,                한승훈              ,T1 젠지 싸움 수준 ㄹㅇ 실화냐? 진짜 LCK최강자들의 싸움이다... 그 전설같던 T1이 맞나? 진짜 T1은 전설이다...
315,                K Koma0              ,앰비션: ...큼
316,                유원TV              ,01:53 마린죽음
317,                김명준              ,실력 차이 오지게 나네 보니까
318,                이호현              ,나도 안경쓰면 게임 잘해질까
319,                요약              ,비디디가 아무것도 못하네 박살내버렸네 ㅋㅋㅋ
320,                정시엽              ,"결승전이 19분 밖에 안되냐 왜,,"
321,                채훈              ,12:20 라스칼선수 계속 쭉 뺐음 살수있엇던 거 아닌가요? 아쉽네여ㅜ
322,                김성호              ,테디 포킹바루스의 정석인데??
323,                yr T              ,오늘 밴픽이 진짜 이상했다. 오른 가져오고 싶었으면 적어도 사일은 밴하야하는거 아닌가 싶었고 T1팬이지만 젠지가 너무 허무하게 져서 이게 LCK의 현실인가 싶었습니다.
324,                qwerty 9999              ,틀타고인물감독은 변한게없네
325,                돌멩이              ,t1 drx도 24분인데 .. 결승영상이 19분이라 밥먹으면서 다시보기 딱좋았다..
326,                harreruaa 12              ,슬슬 걱정되네 t1의선수들이 은퇴하면  그 레전드를 젠지가 이어갈 거라 생각 했는데 언제쯤 t1을 이기냐
327,                김민수              ,1위라는 의미는 없는거같네요 1위로 올라간 젠지나 작년 그리핀을 보면... 오히려 다른 팀이랑 겨루면서 올라온 t1이 경험치 축적하듯이 압도적이니까요
328,                파크              ,ㄷㄷㄷㅈ
329,                loveu loveu              ,다들 너무 잘해
330,                kim kh              ,T1 다 잘했는데 커즈가 미쳤네 ㅈㄴ잘하네
331,                kimchi smoothie              ,줴줴~!
332,                마기마리              ,차라리 DRX전이 훨씬 재밌네...
333,                모우모              ,이거 사실상 apk 우승 아닐까...?
334,                JUMO Dkingdom              ,와 칸나 모이리 든든해졌냐? ㄷㄷ
335,                임정현              ,우승은 ㄷㄷㄷㅈ
336,                식혜달달혀              ,ㄷㄷㄷㅈ
337,                룰_루              ,압-------살
338,                반디비              ,이거 맨처음 시작할때 전용준 캐스터 시작하겠습니다 넣어주면 안되냐??? 19년 스프링은 잘 넣었더만 ㅜㅜ
339,                이재준              ,원래 전클동 SKT~! 하는 전율이 있었는데 T1!은 뭔가 느낌없다
340,                신준환              ,다시봐도 이해가 안되네 미드질리언 딜로스 넘심한데 요플래냐?
341,                Leessang516              ,??? : BDD차이 BDD차이 때문에 이겼죠? ㅋㅋ루ㅋㅋ
342,                귤귤              ,게임 보면서 느낀건데 자신이 응원하는 팀이 아닌 다른팀이나 다른팀 팬을 욕하거나 비방하는 일이 많이 일어나는데 응원하는 팀이 다른 것이지 남이 응원하는 팀이 잘못되었다는게  아닙니다. 너무 감정적으로 선수들을 욕하지 말았으면 좋겠습니다.
343,                인생비기너              ,3떡
344,                오마이걸비니님은 천사야              ,3대 0일줄은 몰랐잖어 왜케 잘하냐
345,                Peter Hwang              ,비디디...  스턴맞추는꼴을 못보네.ㅜㅜ
346,                다이핀              ,와 이정도 경기력이면 진짜 롤드컵때 일부러 올림픽 롤집어넣으려고 져준거 아니냐?
347,                qwe qwe              ,아니 skt 이름 때문에 이기는거냐 faker 라는 이름때메 이기는거냐 10번째 결승진출이 말이 안되는데
348,                김영환              ,페이커 소확행 성공
349,                풀리              ,"정규 1위는 젠지가 했는데 우승은 T1이 유력해 보였던 이유,,"
350,                아이알              ,커즈 진짜 잘한다 3경기내내 정글압도적이네
351,                Seul              ,15:25 트칸나! 트칸나!아 이 칸나가 아닌가
352,                김원재              ,너무 좋아서 3번 반복재생중 ㅎ
353,                hahohahi헥훅학힉              ,ㄷㄷㄷㅈ
354,                124 029              ,ㄷㄷㄷㅈ
355,                간지마켓              ,drx vs t1 이 사실상 결승전이였내 ;;
356,                요약              ,수준차이 너무난다
357,                빛리송              ,역대급 노잼 결승 보다 5번 졸았음
358,                롱키              ,리딸하러 왔습니다
359,                New Meta              ,자신만의 소확행을 챙기는 페이커. .
360,                Jason Nam              ,1세트 비디디 플궁을 단 한번도 안하네 ㅋㅋㅋㅋ 얼마나 답답하면 해설이 플래시랑 궁이 남앗습니다!! 계속말하는데
361,                아영어학원 숙제 그지같다              ,14:01초 테디는 다음부터 힐들자 저번에도 베리어를 힐로 착각하셧는데 ㅋㅋ
362,                주스타              ,누구를 콕 집어 말하고 싶진 않지만 개인적으로는 룰러 선수의 폼이 좀 아쉽네요ㅜㅜ 원딜로써는 치명적인 혼자 짤리는 장면이라던지 딜 넣는 포지션이라든지ㅜㅜ
363,                아프로디테              ,마지막라운드 넥서스뿌실때 apk인장 띄워주면 레전드였을텐데
364,                안녕야옹이              ,상혁이 소확행하는날😉우승 너무 축하해요 우리팀 우리혁😍번호따는건 나중에 다시 도전하세요😄
365,                Min K              ,티원이 티원했네요 ㅋㅋ
366,                지훈              ,2018년부터 생각하고 있었는데 젠지는 감코진이 문젠거 같다 ㄹㅇ 젠지 이대로면 서머 때 성적 좋아서 롤드컵 확정이어도 응원하고 싶지 않음
367,                고강현              ,티원진짜 수고했어 스프링이랑 롤드컵도 좋은성적으로 마무리하자 사랑해 ♥
368,                안중현              ,1세트 : 아 젠지 좀 털렸네2세트 : 이야 이건 많이 털렸는데3세트 : 탈곡기냐 미쳤다
369,                얌마Uru              ,근데 다시봐도 황부리그는 못이겠다 ㅠ
370,                sh B              ,6:14 T1벤카드 두장 없었는데 5장 꽉 채워져 있네 뭐죠??
371,                김준희              ,3세트 제이스 템 상태가?
372,                JH L              ,탑이 ㅈㄴ잘하네;;
373,                ᄌᄋᄉ              ,경기요약 13:25
374,                광나는민율이              ,기릿~~~
375,                궁디팡팡햄토리              ,젠지 너무 아쉽고 t1 축하축하
376,                박진우              ,칸나 또 혼자 인장 들었어ㅠ
377,                홍기              ,오른은 다시관짝가야함 선 너무넘네
378,                오태식              ,9번 우승 기념으로 skt 역대 경기 다 지켜봤는데13~14 삼화 삼블15 락스 cj16 17 대퍼 삼갤18 19 그리핀 킹존 와씨 이런 상상만해도 악몽인 강적들 상대로  우승해온 상혁갓과 skt는 대체...난 대깨혁한다 걍
379,                __지환과윌럼프              ,3셑 칸나 세주재끼고 제이스잡는건 ㄹㅇ 멋있다
380,                SunHo Lee              ,해설 ㅈ나 명해설
381,                이름              ,킹정수.. 진짜 대단하다. 그냥 압도적이다. 진짜 결승에서 개박살낸다.
382,                유동훈              ,14:02 이거 테디 힐인줄 알고 방어막 누른건가요?
383,                지나가던세나충              ,TFT모바일 두두둥장
384,                Jimmy Bucket              ,그들만의 리그 ㅋㅋ
385,                냥집사              ,"코르키로 끌어들이는거 보면 겐지는 너무긴장했고,페이커는 너무 노련했다"
386,                yy sin              ,우리는 아직 페이커의 시대에 살고있다
387,                준tv              ,와ㅡㅡ진짜티원은 언제까지우승하는거야.... 너무잘하자나 한계가없어 한계가 페이커라는 선수는 이상혁은 진짜 항상 악기로 따지면 드럼같아....
388,                유카토이나              ,수준차이가 너무난다.. 티원이 잘하는것도있는데... 그외에는.....
389,                웅우              ,솔직히 보면서 졸았음... drx전은 그래도 재밌었는데...
390,                sh M              ,오늘도 역사를 다시썼다..T1..
391,                네모              ,진짜 이번 결승은 5명 다 못한거 없이 다잘했음
392,                치킨좋아.              ,아펠딜무섭네 ㄷ ㄷ
393,                skalwwmc              ,skt랑 커즈 칸나 너무 잘어울린다
394,                비공개              ,kt 담원담원 drx 경기가 꿀잼이였다.이건 실력차이 넘 나자나..
395,                한지훈              ,이번 게임들은 다 커즈의 존재감이 큰듯
396,                포커페이스              ,팀 개편되고 룰러 폼이 계속 바닥인데 원딜 게임하는 서폿미드 탑 게임을 하네... 이길수가 있나 그러면...
397,                임종현              ,진짜 언제까지 우승하냐..
398,                빡빡              ,ㅈㄱㅊㅇ
399,                아리아              ,우리가 절대 대회에서 볼수없는것 :마이정글
400,                ilbanny              ,두두등장 영상 어디감? 공연영상 사라졌네;;
401,                진성이              ,가장 인상깊은 해설:과연 젠지는 스크림때 이조합을 써서 이겼을까요??
402,                앙키몽              ,6대5 어케이기냐?
403,                양주              ,이상하다. 분명 저기 이상한 롤커뮤니티에선 초비디디가 페이커 그냥 이긴다고 했는데왜 둘다 출전을 안하는거임? 나왔으면 졌을리가 없잖음??봐줘서 이기고 페이커도 한물 갔네 ㅜㅜ
404,                전진              ,크 레전드
405,                이성재              ,아닠  결승에서 3:0 당하는거는 첨보네요 ㅋㅋ 너무 압살당한거아니야 젠지?......
406,                치킨              ,9:25 페이커 플 반응 ㄷㄷ
407,                자보식              ,칸나가 진짜 대박이다... 올해 롤드컵에서 한건 해줬으면 좋겠다
408,                yoyogod A              ,정글 3밴때리고 그브 선픽 맞았을때 이미 젠지에 뇌절이 오지 않았나 싶네 플옵에서 표식이 영혼 털리는거 못봤나
409,                양성훈              ,엠비션 롤알못이였네
410,                옥상문              ,13:26 하이머딩거 신스킨 - 버스호자 테디14:38 페이커:엄..
411,                바닐라와퍼              ,지금 원딜 1등이 테디임? 프레이 뱅 퇴물?
412,                강희원              ,커즈 저격밴당한거 아무렇지 않다는듯 그브 칼픽하는거 ㄹㅇ 소름돋음
413,                Hyojin Park              ,페이커 한타할 때마다 포지션 오짐 .. 소름끼쳐
414,                [][][][][]              ,아...꼬마감독님...그립습니다...
415,                Min Kim              ,아지르랑 아펠은 페이커랑 테디만 하자;;
416,                Kalguksu Bajirak              ,"""Shoutout to APK Prince"""
417,                박성환.              ,하일라이트만 봐서는 누구를 MVP줘야 할지 모를 정도로 그냥 부드럽게 이겨버렸네
418,                우하하하              ,에포트 쓰레쉬에서 나의 쓰레쉬의 향기가 났어
419,                86 1Q              ,세상에 마상에 리그 1위가 셧다운패라니
420,                키위              ,칸나 2셋트 마지막 텔센스 개지린다..
421,                이율              ,세상에 천재는 많지만 정점은 하나다 시간이 지나고 최고령 미드가 될지언정 페이커는 페이커일뿐
422,                띠로리              ,칸나 집요하게 파는데 팀파이트 뇌지컬 터지네 칸나포지션 탑이말려도 푸는법 다보여줬다
423,                Jun              ,2경기는 다시봐도 상대 ap 2명이나 있고 딜러 본인밖에 없는데 이즈 삼위일체 말고 얼건 왜 갔는지 이해가 안되네 ㅋㅋ
424,                참내              ,DRX전보다 하이라잇이 더 짧아..
425,                큐남              ,이걸 늦게 오누
426,                Kj Yun              ,저런팀을 2대떡낸 크트 담원은 무슨팀이지
427,                티모              ,어느팀이든 상관없다 ㄷ 국제전만 우승해줘!
428,                INT동환              ,Cuzz 레전드네 ㄷㄷ
429,                sj h              ,페이커 테디는 지금껏 보여준게 많아서 기대치가 높앗는거에 개인적으로 원딜유저라서 테디를 주목했었다. 근데  이번엔 칸나랑 커즈가 인상적이였는듯.. 특히 칸나 데뷔시즌인데 칸 공백 잘 메운거 같다.
430,                규민              ,왜 밑에 테디 얘기는 없지?태디 ㅈㄴ잘했는데.....
431,                플라워댄스              ,3대떡!
432,                박진호              ,처음볼땐 몰랐는데 정글차이 엄청났구나
433,                이희찬              ,"t1이 대단한게 지각해서 밴픽 2개 못했음 1,2 경기 그런덷도 결국은 압승.. 이건 젠지가 못한것도 있는데 t1 경기력이 어제 미쳤었음. 특히 1세트 비디디 2렙때 잡는장면..그 누가 시야 먹으러가다가 죽을줄 알았냐.."
434,                YES              ,"역대급으로 긴장감은 없지만 재미는 있었던 경기...1세트 불리한 밴픽에도 불구하고 김정수 감독이 추구하던 조합을 가져갔고 후반가면 불리할게 뻔한 조합으로 다른 장점을 살려서 짤라먹기, 포킹 운영하는건 감탄했다...물론 커즈가 잘해주긴 했지만....2세트는 킬 스코어가 지고 있을때에도 뭔가 긴장감이 흐르지 않던 판이다....골드량이 앞서 있었거든...3세트는 그냥 말할것도 없이 압도 그 자체였다. 3세트는 평소에 경기에서나 개인방송에서나 선수들이 화끈한 플레이를 많이 보이거나 인상적이었던 챔피언들오 구성한거 같다 예)칸나 오른 테디 아펠리오스 페이커 아지르게임을 보면 소규모 한타는 몰라도 대규모 한타는 그닥 신경쓰지 않는것 같았다...왜냐..골드격차로 인한 템차이, 오브젝트 차이로 인한 버프차이로 인해서 한사람만 잘해줘도 다 이길 수 있는 한타였가 때문이다.T1이 잘한것도 있지만 이번경기는 젠지의 서폿 정글이 그닥 눈에 띄지 않았다.... 물론 비디디도 한 세트를 제외하고는 마찬가지원딜은 다 말려서 딜을 넣을수 있는 표지션이 없었으므로 제외이번 경기는 T1의 조합이해도, 선수들 개개인의 실력, 운 3요소가 다 좋았다. 반면 젠지는 그러지 못한 모습을 보여주었다.아직은 T1이 더 강한 팀인것 같지만 젠지도 더욱 훌륭한 팀이 되도록 응원한다.마지막으로 빠커형 멋지다! 커즈형 섹시했다!"
435,                落日              ,근 ㅡ 본
436,                노예훈              ,실딱이인 나로써는 45분겜에 일이 16번밖에 안나왔단게 신기하다
437,                김지환              ,막세트 볼베는 픽한 이유를 모르겠다
438,                지털              ,'또'상혁
439,                모기의저주              ,커즈 용뺏는거 강타도 안썻네;; wow
440,                성이름              ,압도적이다. T1 소극적인 모습 없고 소름돋을 만큼 무섭게 변했다.
441,                kimcc4203              ,또 보러 왔다
442,                권나르              ,리그 페이커와 플레이오프 페이커와 결승 페이커는 확실히 다르긴하네 순간적인 오더하고 난 뒤에  한타나 딜넣을때는 말없이 입오물거리면서 개빡딜넣네 리그때는 이정도까지 집중하는걸 못본거 같은데  역시 고전파...  커즈랑 테디도 폼절정이고 칸나 어포트도 잘해주고 너무 좋구만.
443,                장인워치              ,근데 재가 lck 잘 안봐서 그런데 로치는 왜 안나와요 요즘..
444,                Chaekal Steve              ,해설자 소리좀 그만 지르면 안되나...
445,                Junyoung Lim              ,젠지 이번에도 1승5패 예선탈락하겟네 롤드컵가서 진짜 개 불안한데 하는 거 보면 저게 결승전 팀의 기량이라는게 말이안되는데?
446,                이호현              ,슼 다 안경썻네
447,                박재우              ,네이스
448,                바이퍼              ,이정도면 drx vs t1이 사실상 결승이였다는 학계의정설
449,                천영성              ,팩트 결승전 너무 노잼 이였음 ㅠㅠㅠ
450,                빩펡뚧              ,상체캐리메타인데 룰러 중심의 운영은 뭘 노리고 한거지....
451,                샤프트7              ,리그중에는 가끔씩 삐걱이는 모습 보이다가도 다전제만 가면 각성해버리는 어메이징팀...
452,                ba n              ,명문팀인만큼 구마유시 칸나등 많은 유망주를 데리고있었네
453,                이이지              ,역시 티원 arx 랑한 경기가더재밋는듯
454,                심봉사              ,T1 팬인데 오늘 젠지 밴픽부터 경기력까지 너무 엉망이라 솔직히 t1아니고 다른 팀이 올라왔어도 압승했을 거 같다..
455,                Snow white              ,탈덕? 어림도 없지 꼴데팬을 얕보지마라 끝까지 응원합니다 젠지 화이팅 그래도 어제는 아쉬웠어요...
456,                홍성원              ,해설 소리 지르는거 에반데
457,                댕강아지              ,와 커즈 창모든데도 ㅈㄴ잘하네 ㄷㄷ
458,                GDK1220              ,한국 어차피 롤드컵 우승 못하면 그들만의 리그다 ㅇㅇ
459,                김민철              ,FPX랑 하는거 보고싶다
460,                hyun Kim              ,ㄹㅇ 리그컵 9회우승 개미쵸따리
461,                Horios Juan              ,형님들 근데 첫 경기 벤픽창 버그인가요?벤픽 목록에 챔프사진이 회색인데 뭐죠?
462,                미역이는강아지              ,1라운드 마지막에 해설 줜나 정신없네 3명서 전부 음량 똑같이 맞춰놓고 다른말 하니까 뭐라는지 하나도 모르겠다
463,                호현호              ,이팀에 페이커가 빠지고 다른 미드라이너 들오면 미드라이너 되게 부담감 크겠다...
464,                문성호              ,김정수 감독 넘사벽이다 ..........
465,                한현우              ,T1에게 페이커에게 처음으로 lck준우승을 안겨준 커즈가 t1의 선수가 되어서 우승을 하다니 묘한기분이다 커즈 파이팅
466,                2403 김준성              ,슼은 다전제에 강했다 또다시 증명
467,                권기표              ,오늘 룰러가 너무 몰아준거에 비해 못해줬다. 비교하면 안되는데 하이브리드였다면... 이생각 들더라 ㅠㅠ
468,                Taek Hun Nam              ,역대급 개노잼 결승.
469,                정우성              ,증명된 플레이./... 볼줄 아는 사람은 보는... 페이커의 조율자..... 쉽게 말해서 자동차운전할때 뒷차가 빠른속도로 달려와 추돌직전.... 남들은 백미러만 볼때 눈미러를 보면서 피해를 줄이고 이기는 각을 본다.
470,                임건 lim              ,페이커:왜 이리 시끄로운 것이냐해설자:t1이 압도적으로 이겼기 때문입니다.
471,                요약              ,어우슼~❤️
472,                정서진              ,칸나는 맨날 버스만 쳐타네 칸있었으면 롤드컵도 우승하것다
473,                이승호              ,와... 멋있다
474,                몽골해군참모총장              ,이건 밴픽에서부터 젠지가 진거같다.
475,                루마              ,걍 페이커가 멱살 잡는게 아니라 들어올려서 이겼다 ㄹㅇ
476,                진우창              ,너무 쉽게 이기는 느낌이 드네ㅠㅠ물론 잘하는팀이 이기는게 당연한건데살면서 다시 ROX랑 T1경기같은 명경기를 기대하는거는 너무 큰 기대인가ㅠㅠ팽팽해야 볼맛도 나고 하는건데..살짝 아쉽구만
477,                다봐용아무거나              ,개인적인  생각은 미드 정글에서 게임이 매판 끝났다고 생각함....
478,                다람쥐              ,전체 하이라이트가 18분이라는건 젠지가 압도적으로 무너졌다는거다
479,                황원하              ,킹정수 그냥 t1에 뼈묻어줘...
480,                이명원              ,LCK 즐거웠다!!!!!!! 써머때 보자 T1 우승 축하하하하!!
481,                정호용              ,17:00 왜 펜타킬 아님? 다시 살아난 애도 없고 3킬 후 2킬인데
482,                gygy eee              ,상호 .... 파란머리 ...... 💙
483,                이재준              ,저 테디 아펠리오스가 속박포 안 나왔는대 왜 갱오냐고 찡찡거히던 아펠리오스가 맞나;
484,                손흥              ,1세트 ㅈㄱㅊㅇ2세트 ㅈㄱㅊㅇ3세트 ㅌㅊㅇ
485,                달콤한인생              ,지려버렸다 ㄷ ㄷ
486,                겠네모르              ,젠지 좋아하는데....팀게임은어쩔수없다..인정이다
487,                아이구어이구              ,올해도 3부따리 되려나중국리그좀 이겨줘 ㅠ
488,                푸키              ,젠지 욕하지말고 롤두컵에서 잘해보자 드알엑스도
489,                앞비전              ,다 봐도 진짜 커즈는 정글 그자체를 보는 듯 했다 이게 커즈다 !!
490,                진민성              ,역시 t1
491,                파커              ,젠지였어서 결승전이 재밌었지...안방에서 본 게 아쉬웠다...
492,                lo l              ,뿌우우우우우우우
493,                맛있어코알라는              ,왜 페이커가 엄준식이됬냐..?
494,                Sunwoo Lee              ,다들 왤케 페이커 칭찬만 하는지 모르겠는데 나는 커즈가 너무 잘해줘서 대견하다
495,                안정훈              ,이번엔 느낌이 좋다 저번 시즌은 먼가 경기 내내 불안정한 느낌이 강했는데 이번에는 공수 양면 완벽한듯 칸나 각성과 커즈 안정화가 ㄹㅇ 컷다
496,                성욱강              ,도대체 사일 벤 왜안하는거냐베스트 궁 챔프들 픽하고 사일 푸네 ㅋㅋ
497,                나물나물              ,아이고오~~아이고오... 저 라스칼과 커즈만 drx에 남아있었더라면 완벽했을텐데... ㅠㅠㅠ 원통하도다...
498,                H Park              ,커즈가 제일 불안요소였는데 포스트시즌에서 칸나와 더불어 제일 잘해졌네. 뒷라인이 딜넣기 편함을 넘어서 상대 딜러진들 폭사시킨 장면 다수로 나오고 이게 감코진의 힘인가
499,                2111 진성민              ,??? : Bdd차이
500,                강대언Austin Kang              ,???: 비디디차이
501,                손기석              ,젠지 존나 실망s....
502,                이강현              ,솔직히 밴픽 3번다 발리는거 보고 t1이 대단한건지 젠지가 거품인건지..
503,                Faker Fan              ,역시 페이커 그는 놀부인가?
504,                공구리              ,페이커 나랑 동갑인데 제발 롤드컵 한번만 더해먹는거 보고싶다..
505,                오스아디              ,5안경조합 미쳤네... 롤 우등생들
506,                calmdownm man              ,울었다
507,                onejh 12              ,T1이 잘한것도 있지만 난 젠지의 밴픽이 노답이었다고 보는데특히 2세트 이즈후픽은 아무리생각해도 왜했는지 모르겠음 아펠을 버리고서라도 할만한 픽이었나? 1세트 5픽유미도 모르겠고 걍 밴픽준비 별로 안한거처럼 보였음
508,                간지마켓              ,결승이란걸 모르고 봤음 개노잼 ㅋㅋ 1등팀과 6등팀 대결같내 --
509,                코렐라인              ,msi 취소됨
510,                JS Y              ,18:21 He is 비둘기
511,                김아람              ,진짜 비디디 큰경기때마다 너무 못한는거같네.. 새가슴인가? 플레이오프나 결승때는 비디디가 아니라 다른선수가 하는거 같다
512,                허영              ,룰러 너무별로다
513,                박일우              ,커즈 칸나 실화냐?
514,                탱여진              ,8:10 이때 사일러스 궁을 뺏자마자 쓴 이유는 텔이 이즈가 아니라 질리언인 줄 알아서 그런듯
515,                우상민              ,젠지 상체가 너무 부실햇다 하체는 나쁘지않앗는데 상체에서 스노우볼 굴러오니깐 대처가 안됨
516,                김진호              ,"젠지가 못하지 않았음에도 불구하고 티원이 3대0의 기록을 달성했다, 티원은 더더욱 성장하는 모습을 보여주네 왕좌는 바뀌지 않을것인가..?"
517,                kesk a              ,슼 일부로 밴 두개 안한거에요?
518,                허민              ,삼경기 초반에 치킨 시켰는데 왜 삼경기에 끝나는건가요...
519,                사탄              ,"바루스를 내주다니...'젠지인 자, 고통받을 지어다'"
520,                박이도              ,페이커가 메시랑 닮았다고 생각한다.처음 등장했을 때는 말도 안되는 피지컬로 씹어먹고 다녔고이제 경력도 쌓이면서 노련해지니까 피지컬 바탕으로 전체적인 운영 및 팀게임 하는게 보인다.
521,                김명현              ,칸나 skt에 적합한 탑라이너네칼챔도 잘다루지만 방패챔으로 칼챔 잡는거보면테디 페이커 캐리력 높혀주는 한몫할듯
522,                후아뵤              ,T1이 lck에선 압도적인데 롤드컵은 솔직히 좀 걱정이다 잘해주길.. ㅠㅠ
523,                marcos kang              ,근데 이번 롤드컵은 어케 되는걸까관중들이 없으니까 많이 허전하네..
524,                김막심              ,코치차이인듯
525,                Campbell Park              ,클템 자꾸 일부로 목 긁으면서 T1 외치는데 왤케 듣기 불편하냐 평소해설은 잘하는데 흥분했을때 팀이름이나 선수 이름 외치는거 인위적이여서 몰입감 떨어지네
526,                Boricha Goo soo han              ,??? : 다시 받아주나요?
527,                N B              ,실력이 다 상향평준화 됐는데 꾸준히 우승하는거 보면 페이커가 신이라는거 인정해야됨 ㅋㅋ
528,                oh출발!여행비디오              ,킹존 밴픽 왜저러지 했는데 젠지 밴픽보고 씨맥 리스펙
529,                김용환              ,젠지 밴픽 ㅈㄴ 못했음 그냥
530,                Dice Ruin              ,bdd가 크라운급이내. ㅋ 거품디디 ㅅㄱ
531,                전상욱              ,역대급 노잼 결승전
532,                Yeonwoo Ryu              ,칸-------나라는 괴물
533,                달마              ,왜 1세트 밴카드 2개 없던건가요..?
534,                JOONIAC              ,젠지는 룰러를 버리던지 최우범을 버리던지.. 저 미드정글을 데리고 저렇게 수비적인 경기를 할 수가 있나?  애초에 바루스같은 공격적인 픽을 못하니 미드 정글 까지 다 누워버림
535,                박세현              ,"A3 R5 ""V9"""
536,                천기신              ,젠지 뭐하냐 진짜
537,                진원최              ,"젠지 밴픽이랑 막픽 유미,바루스 주고 이즈,제이스,2연속 질리언은 이해가 안가네ㅋㅋㅋㅋㅋㅋㅋ"
538,                조유환              ,개리형 생각나네
539,                JunHong Cho              ,"밴픽 욕하는 사람들 많은데 내가 보기엔 그냥 체급차이로 맞붙는 픽 못하니까 좀 돌려간 것 같은데,,"
540,                블랙미              ,3번째찬 프로경기인데 올ad를 고르네 상관없나? 볼베마뎀이나 질리언마뎀으로 충당하는건가 오른이 방템만가서 죽지를 않는데..
541,                LoL PD              ,경기 요약 : 머하누~?
542,                양석원              ,페이커가 잘함? 내가 잘함?
543,                요약              ,Lol역사를 하나 더 써가네 페친놈
544,                소년              ,세트는 왜 필밴이에요 ? 10.7인가?
545,                닉네임              ,"걍 젠지가 밴픽 5장으로 막아내기에는 시즌 내내 끊임없이 실험하고 변화한 T1이 잘하는 픽이 너무~~ 많았음. 코르키에 대한 대처픽도 없었던 것 같고,페이커랑 바텀은 원래 도라이급이라 쳐도 커즈 칸나가 이렇게까지 해줄지 몰랐을 듯."
546,                뿌욧뿌욧뿌              ,젠지 수고많았어요 응원합니다🤍
547,                안재현              ,이정도면 그냥 메신데?
548,                눈꽃변태              ,.... 해설진은 정리해고 한번 들어가야할듯.. 엉망진창이구만.
549,                김건희              ,김정균 보고싶다
550,                ᄏᄉᄏ              ,그냥 칸나 커즈가 넘사엿지 젠지는 심지어 커즈 견제하는 밴픽이었는데  그브 올라프 마지막에 사일정글까지 그냥 완벽했음  룰러를 밀어주면 뭐함 상체에서 이미 겜이 끝났는데 ㄹㅇ 벵기보는듯 했고 mvp받을만했다
551,                모이스데일리              ,어차피 우승은 슼
552,                뭘꼬라봐              ,말이 결승이지 실력차이가 너무나서 무슨 챌코랑 경기하는줄 알았다
553,                정상헌              ,T1은 T1..
554,                넬tv              ,칸나님 고통롤이네
555,                Jack SUN              ,결승 쌉노잼
556,                호곡              ,탑만 교체하면 완벽하겠네
557,                심승현              ,포킹바루스 씹사기
558,                한지원              ,페이커는 영원하다 라는 말이 맞는거 같네요
559,                몽둥이든간디              ,비디디가 실력을 다 못보여준게 너무 아쉽다. 본인이 제일 아쉽겠지만.. 많이 긴장한거 같던데.. 극복하고 더 멋진 모습 보여줘 비디디 응원해
560,                정민교              ,<페이커효과>(결승에서)팀 에 페이커가 있다면 이길확률이 100%가 됩니다
561,                류보식              ,결승 맞지?
562,                이정우              ,김정수 감독은 2018년부터 한타메타에 적합한 조합 그리고 클라이드는 마음에 맞는 플레이어 있는 젠지가서 준우승 큐베가 그리울 듯 버티질 못하네 탑이
563,                냥집사              ,근데 사일이 칼리궁쓰면 어케되나요
564,                etigyuf fdy              ,0:36저 사일러스 안써본 그냥 시즌 7때 마스터찍은 유전데요.. 저부분에서 사일러스가 바론쪽으로 플 쓰고 세명 올때까지 버티다가 다시 이동하는 스킬로 넘어갈 쿨타임 되나요?
565,                김하늘              ,뭐고 이거 블라인드 ㄹㄱㄴ이제 나오네
566,                Eric Han              ,세분의 해설자가 동시에 말씀하시니 전혀 해설을 알아들을수가 없는게 좀 아쉽네요
567,                민수김              ,압도적이네
568,                이주환              ,커즈는 암말 없네 솔직히 1세트부터 쥰내 잘해준거 같은데
569,                changgue her              ,2라운드 후반들면서 젠지팬으로써 젠지의 안 좋은 점이 또 나왔음... 또 밴픽 하면서 픽이 다 수동적이고 뭔가 상대방보다 준비 안된 것 같은 밴픽 방향성 빠르게 수정 못하는 점... 젠지 팬으로 너무 답답했음... 하.... 또 언제 우승권으로 올라 와보냐... ㅠㅡㅠ
570,                왜아니              ,경기다봤는데 그냥 미드정글차이임미드정글차이 말도안되게 나서 t1이 압승한거고 다른라인은 미드정글덕에 잘풀림 특히 칸나는 페이커 커즈가 저렇게까지 해줘도 솔킬따이는거 보면구멍인건 확실함
571,                뚜껑              ,세경기다 챔피언 바꾸고 겜했으면 결과가 달랐을것 같은 개망 밴픽.
572,                ᄏᄏ              ,17:23 테디한테 궁을 몇 개를 박는거야ㅋㅋㅌㅌ 젠지에서 초시계 인지 못 했나?
573,                stripe              ,응디디 3세트동안 존재감 제로네. 1세트 아지르는 토스는커녕 방관비둘기네
574,                박주신              ,실력차이
575,                정민              ,비비디가 존재감 있는 픽 했음 좋았을것같은데 너무 룰러 몰아주기 픽한것같은데..
576,                이주현              ,1세트도 skt가 블루팀인데 왜 2세트도 블루에요??
577,                J smooth              ,"You need to remember ""the unkillable demon king"" is back"
578,                호용              ,"겜이 왜이래... 벤픽부터 젠지 망했잖아2,3경기 왜 질리언이 나오는거야?탑 바텀 비등하거나 이겨야된단소린데그렇게 된다해도 미드 힘딸리잖아거기다 왜 오른 장인한테 오른 준거야...참..."
579,                david kevin              ,근데 진심 해설 들을때마다 이게뭔... 특히 한타때 다들 자기 할말만 하니까 걍 시끄럽네 좀 사전에 말좀 맞추면 안되나
580,                Dragon&tiger              ,젠지는 롤드컵나가도 조별예선은 잘 뚫고 올라서 바로 8강따리 할꺼같다
581,                마바사로              ,케빈추 현자의 경지에 오르겟네 롤드컵 우승팀이라서 사왔더니 그다음해 롤드컵 1학년 5반 그다음해 롤드컵 진출 실패 그다음해 돈좀 써서 팀만들어주니 신인 데뷔시킨 팀에게 패배 이정도면 감독이 적폐인데 안자르나?
582,                진선우              ,??:뭐?? 벤픽 2개 없다고??어쩌라고ㅎㅎ
583,                정세환              ,결승 언제 하나요?
584,                강혜리              ,근데 왜 티원 밴카드 2장 없어요?
585,                김규연              ,1세트 t1이 왜 벤 2개 안 하고 시작했나요?
586,                오              ,젠지 진짜 존나게 못하내  결승전이라고 기대했는데 존나 노잼이다
587,                YS P              ,14:02 D점멸의 최후
588,                태원김              ,"""t(op)one"""
589,                p ockyu              ,난 솔직히 정규시즌1위해서 위에서 기다리고있는거 진짜 별로라고 생각함
590,                ᅳᅳ              ,Msi 취소된거 좀 아쉽네 msi 가서 찢어버리는거 보고싶었는데
591,                가나다              ,이번경기는 뭔가 아쉽네 난 작년 서머처럼 페이커가 여러픽 해줄줄 알았는데 아지르... 코르키..
592,                서동우              ,오메... 비디디 우네.... 울지마.... 티원팬이 보기에도 너무 안쓰러운데 젠지팬들은 마음이 어떨까....
593,                박경배              ,제발 페이커 미만잡 이니까지금처럼 조용히들 있어라
594,                달모래              ,"실험기간? 의 차이라고 생각함슼은 감독 지휘 아래에서 계속 여러가지 전략 전술을 시도하며 폼 끌어올려서 중후반 절대강자의 포스를 보이고젠지는 초반에 굉장히 강한 팀인데 초반에 압살하지 않는 이상 시간끌면 진다고 판단해서 자기들도 중후반까지 보는 조합을 들고 나왔다고 생각함다만 슼이 중후반 조합에 더 익숙하고 강할뿐슼도, 젠지도 열심히 잘해줬고 정말 재밌는 경기 잘봤음"
595,                이경재              ,머쉬베놈 우승 아니냐?
596,                아으아아              ,라스칼은 오른세트 투챔으로 세컨드팀 들어간건가요??? ㄹㅇ 칼챔드니 하위권탑같은데 한화전에서도 큐베한테 3판연속 탑차이나던데 ㄹㅇ  이해안간다
597,                야소다라              ,이러면 젠지보다 DRX가 더 잘한거네;
598,                강승민              ,1등
599,                박찬희              ,그냥 젠지 거품 증명된 경기임
600,                HU Y              ,T1이 리그중에도 젠지랑 drx한테는 안지더니 플옵에서도 너무 쉽게 끝내버리네 하위권팀한테 몇번 지길래 불안불안했는데 쓸데없는 걱정이였다
601,                Large              ,솔직히 역대급 개씹노잼 결승이었음차라리 T1vsDRX 경기가 더 재밌었음
602,                CR CHAMPIONS              ,아브:뭐야 이게 잘하는거임? 나도 가능한데ㅋ실골:잘하네 나도 연습하면 가능하겠는데?플:잘한다다:와 ㅁㅊㄷㄷ마:이게 가능해?그마:skt뭐야?진짜 신이냐?챌:저런플레이가 나와? ㅈㄴ미쳤네?
603,                Dea Kun              ,BDD DIFFERENCE
604,                하슈규              ,고루고루 레게노네.
605,                배갓집양념돼지              ,이번에 T1이 이룬 3연속 우승이 대단한게전부다 업셋 우승임..15시즌 스프링 2위 VS GE 타이거즈(3:0 우승)15시즌 써머 1위 VS KT(3:0 우승)16시즌 스프링 3위 VS ROX 타이거즈                                      (3:1우승)19시즌 스프링 2위 VS 그리핀(3:0 우승)19시즌 써머 4위 VS 그리핀 (3:1우승)20시즌 스프링 2위 VS 젠지(3:0 우승)
606,                SuperBam슈퍼밤이              ,영원한 1등이란 없다.시간이 지나면 누군가에게 자리를 내줘야 하지.그걸보고 퇴물이라고 하는 사람들이 있는데..그걸 퇴물이라고 하는건 멍청한거야.그 말을 하는 너도 언젠간 나이가들고 어느분야에서 퇴물이 될거거든. 미래에 자신에게 퇴물이라고 하는거나 다름없어.SKT는 최근 국제대회에서 우승을 하진 못했지.근데 페이커라는 중심 하나로 이렇게 오랫동안 탑클래스의 팀을 유지하는것 만으로도 대단한거야.호날두 메시가 40살 넘어서도 현역들과 폼을 비슷하게 유지하고 노련함으로 나이차를 극복하는 그림이랄까?퇴물퇴물 하지마. 모든 분야에는 정점을 찍는 나이대가 있는거고 누구나 그 나이가 지나면 내려올수밖에 없어. 비교를 하려면 그사람의 전성기때 커리어와 비교해.그게 맞는 비교야.
607,                비티              ,SKT의 대승을 지켜보던 G2의 미드라이너 Perkz선수는 상황을 지켜보고 걱정만 쌓이고 말았다.Perkz: 하.. 인터뷰때 그런말 하는게 아닌데..경기 시작전 Perkz 선수의 인터뷰가 있었는데 이때 Perkz선수는 우리가 이번에도 국제대회에서 이기고 싶기 때문에 SKT가 GenG한테 이겼으면 좋겠다는 도발성 발언을 함
608,                남이지호              ,처음에 t1이 정글 영입안하길래 이상하다생각하고 칸나 걱정했는데 ㄹㅇ 존나잘하네
609,                raymond hong              ,이건 ㅌㅊㅇ ㅈㄱㅊㅇ ㅁㄷㅊㅇ 이런거 아니다감독차이다
610,                N N              ,이번 결승전 젠지 너무 아쉽다.. 정규시즌 1위한 팀이기도 하고 멤버도 잘하는 멤버들인데 3ㄷ0당할줄은 .. 아무리 상대 성적이 안좋다고는 하지만.. 다음 서머 젠지 여기서 뼈저리게 느끼고 다시 1위찍고 결승 ㄱㄱ
611,                윤준영              ,페이커 라인전은 솔직히 예전에 비해서 많이 죽었단 생각은 드는데 한타에선 거를 타선이 없네
612,                림채              ,해설자들 목 안 아픈가....
613,                TV한쵸링              ,15:20 칸나 1:2 맞짱
614,                원종혁              ,티1 우승축하하고 젠지를 비롯한 모든팀들 수고했습니다. 최근 2년간 국제대회에서 성적이 별로지만 언제나 붙어보기 전에는 모르는게 승부라고 생각해요. 섬머때 모든팀들 더 발전하고 올해는 롤드컵도 다시 찾아오길 기대합니다.
615,                민욱              ,"페이커는 얼마나 많은 대회 경험과 비난과 환호 속에서저 정도의 여유와 맨탈관리를 갖게 됐을 지 상상이 안간다이젠 기록 갱신은 현재 진행형이고, 선수라기 보단 상징 같다"
616,                귀귀              ,커즈= 제 2의뱅기
617,                배주현              ,젠지가 3경기동안 한타를 한번도 못이겼네 t1 개잘하네
618,                Limitless              ,메타가 상체메타인데 언제까지 하체만 키울건지 젠지는 매번 같은것만 하니까 진거다
619,                강승민              ,"Drx, 젠지 둘 다 벤픽 얘기 나오는데 그냥 지니까 그러는 거 아닌가이겼음 암말도 없었을 거면서"
620,                N ell              ,젠지는 한세트라도 이기고싶었으면 테디가 세나 픽하게 유도 했어야함~1세트에서 바루스 포킹때문에 아무것도 못해놓고 2세트에서 또다시 벤 안하는건 뭔 의도인지 모르겠네
621,                석희조              ,t1 왜 밴 3개만해요??
622,                전상욱              ,하나도 안치열한데 결승이니깐  분위기상해설자들이 그냥 티원 소리지르다 끝난 게임.차이가 너무 나버리니역대급 노잼 결승전이 되어 버림.
623,                바퀴벌레              ,젠지 첫라운드는 좀 잘하다가 막라때는 개썰리더라
624,                박뱅              ,그러고보니 테디 펜타킬이네
625,                요궁              ,밴픽부터 진경기.. 솔직히 밴픽이 너무 아이러니했다 drx처럼 변칙을 쓴것도 아니고 드러누워서 가기도 힘든조합 무엇보다 상대가 후반가도 힘이 빠지지않는조합주면서 3경기내내 가는거.... 해설들도 지적했지만 밴픽이 가장 큰 실수..  경기내용도 skt도 좋았지만 뭘해보지도못하고 끝난 느낌..
626,                범찡              ,테디 : 주전으로 LCK 3연 우승으로 한체원 달성..에포트 : 주전으로 LCK 2연 우승으로 한체폿 달성..페이커 : 뭐...LCK 정도야....롤드컵마렵네...커즈 : 레알 오랫만의 우승...칸나 : 첫결승에서의 우승...감회가 남다를듯
627,                조조              ,오늘부로 정글 티어 바뀜  커즈 >>>>>>>>>>>>>(넘을수없는 벽)>>>>>>>>>>> 클라이드
628,                Uihwan Oh              ,18:21 He is Pigeon
629,                갸릉갸릉              ,슼은  페이커빼고 멤버가 바꼇는데도불구하고 꾸준하게 잘하는거 보면 그 중심에잇는 페이커의 영향이 진짜 엄청난거같다
630,                박철민              ,왜 3:0일줄 몰랐다하지 작년 스프링도 3:0 국룰인데
631,                JinW              ,"해설자 원래 이렇게 시끄럽나요,,,"
632,                이희재              ,칸보다 낫다 나칸정글 전두환 커즈lck 썩은물 빡커원딜계의 국밥왕 테디오더의 에포트롤드컵 기대해보자
633,                리넷              ,v9설명좀
634,                헼켁캑              ,롤드컵우승까지 가즈아
635,                Ha Ha              ,처음에 밴카드 두개 왜 안보이죠?? 노밴했나요? 반응이 없을리 없는데..
636,                오승준              ,롤 경기 처음보는데 해설 텐션이 원래 이리 높나요???
637,                자의              ,t1 3위했으면 담원과에 준플에서 힘들었을듯.. 먼가 담원과의 경기는 t1이 읽히는 기분
638,                커군              ,"1라운드 보고 난 알았음""아 치킨 시키지말아야지""예상대로 3:0 ㅋㅋㅋㅋㅋㅋㅋㅋㅋㅋ 젠지 ㅋㅋㅋㅋㅋ 제엔지~~"
639,                봉만호              ,drx못한다고 욕했던 날 반성하게 하네 상대가 t1이였어.......
640,                애기가좋아              ,??? : 비디디차이
641,                단동단동              ,난 Apk가 고맙더라...t1이 담원부터 만났으면 우승 못했을거 같음....drx가 3위해서 다행이라 생각함
642,                가나다              ,이번경기는 뭔가 아쉽네 난 작년 서머처럼 페이커가 여러픽 해줄줄 알았는데 아지르... 코르키.. 다양한 픽은 앞으로 못보는건가
643,                김지환              ,그냥 티원이 압도적이네 :: 젠지가 라인전에서는 갱킹도 잘 성공하고 유리하게 가져 가나 싶었는데 티원 한타 진짜 압도적이네 올해는 롤드컵 우승가자 누구든 간에한국팀 우승하는거 보고 싶습니다
644,                암행어사출도 입장하셨습다              ,이거우승하고 끝나는건가요?세계대회는 언제해요?T1 우승 ㅊㅋ 드립니다
645,                권상혁              ,근데 커즈는 일부러 창 작게하는거임? 아는사람 댓좀
646,                김성준              ,리그때 라인전 불안했던 칸나와 소극적인 운영하던 커즈가 준결승부터 완전히 달라지고 눕기메타 선호하던 슼이 때리는 조합으로 방향전환했는데 플옵 준비기간동안 단점보완하고 다른팀이 되서 돌아와버림 ㄷㄷ 반면  젠지는 케스파때부때 초반이득봐도 운영쌈에서 계속 졌는데 왜 결승서 상대적으로 눕는 조합을 만든건지 의아하고 이게 슼의 밴픽으로 인한 결과라면 드디어 슼이 전성기시절 부터 이어온 고질적인 똥망밴픽 약점마저 극복한것인지 고무적인 생각이 듬 마지막으로 페이커는 말할것도 없고 테디 에포트 진짜 줜나 안정적으로 잘하네ㅋㅋ 경기에 크게 드러나진 않지만 봇이 일단 뭘해도 최소 지진 않는다는 계산이 깔리니 상체쪽  밴픽이나 초중반 경기 운영에서 앞서나가는 원동력이 되는듯함
647,                파이크충 Youtube              ,"Faker is ""L.E.G.E.N.O"""
648,                ㅇㅊㅇ              ,롤오랜만에보는데 1:15  핑와로랜턴못타게하는거 개쩐다하면서봣는데 아무도언급이없네.. 요즘은 많이하는건가요?
649,                야소외길인생              ,누가 퇴물소리를 내었는가.....이 FAKER님은 영원히 전설로 남아 리그를 빛낼것이다........
650,                황호준              ,비판 비난은 좀 나중에좀 합시다. 꼭 패배당일날 극딜 해야하나.
651,                에늬              ,"T1은 진짜 무엇보다 미드, 원딜이 너무 든든함. 칸나랑 커즈, 에포트는 슈퍼플레이도 진짜 많지만, 아주 가끔 플레이가 불안하거나 실수가 튀어나오는 편인데, 페이커랑 테디는 무슨 일이 있어도 잘 죽지도 않고 딜 침착하게 진짜 잘박음. 이 둘 덕에 칸나나 커즈, 에포트가 실수를 해도 게임이 크게 흔들리질 않음. 특히 테디의 그 국밥같은 든든함은 ㄹㅇ; 산전수전 다 겪은 노익장 둘이 든든~하게 받쳐주니 잠깐 흔들리더라도 무너지는 일이 잘없음"
652,                명준영              ,"T1 팬인데 이번 결승전 느낌이 약간 작년 월챔 G2전 SKT전 생각나는듯 초반에 킬 아무리 교환해먹고 그래도 인원배치나 운영에대한 확실함이 없어서 졌던거 같은데 젠지도 뭔가 그런식으로 진듯 그만큼 T1도 코치,감독진이 바뀌면서 운영이 좋아진 느낌이들고 이번해 성적 한번 좋게거두어 봤으면 좋겠습니다."
653,                sakura kakki              ,mvp T1 clid
654,                Solid              ,3세트 잘보면 t1 라이너 조합이젠지 1세트랑 똑같음아펠 아지르 오른 서폿 정글만 다름근데 경기 양상은 정반대 됬음퍽즈가 트위터에서 젠지 밴픽 쓰레기다이런식으로 썼는데 거의 비슷한 조합 가지고 t1은 이기고 젠지는 졌음 이건 밴픽도 밴픽이지만 인게임 차이가 진짜 컸음
655,                양호              ,섻으미안하다 이거보여줄라고 어그로 끌었다;;;; t1 젠지 싸움수준 ㄹㅇ 실화냐????? ㄹㅇ 롤lck 최강들의 싸움이다 18년도 시즌에 겜져서 찐따같이 울던 그 페이커 맞냐?? 페이커는 ㄹㅇ 전설이다..
656,                임두현              ,이번 결승은 너무 아쉬운 경기 같네요정규시즌 막판에 삐끗했지만 1위 달성한 젠지역시 가끔 휘청했지만 2위로 마무리한 T1두 팀간의 대결 답지 않게 원사이드한 경기가 펼쳐졌다는게 너무 안타깝네요젠지가 그동안 세트를 가져오면서 서폿과 탑 스왑 가능성을 두고 벤픽 싸움의 우위를 가져왔었는데 벤을 당하면서 활용할 수 있던 픽이 하나 막히고비디디의 주력 카드라고 할 수 있는 아지르 조이중 조이를 잘라 아지르를 가져가게 하고 코르키로 카운터 친점젠지가 전형적인 캐리구도가 라스칼의 벤픽에서 가져온 유리함과 비디디의 슈퍼플레이 룰러의 캐리력 3개 중 2개가 흐지부지한 구도로 가게 되었고 룰러의 캐리력을 믿고 드러누웠지만T1의 포킹바루스를 활용한 바텀 압박구도를 만들면서 룰러의 캐리력이 억제되었고그브 올라프를 가져감으로써 정글 주도권을 쥐고 시종일관 때릴 수 있었던 점라스칼의 플레이로 탑 주도권을 가져왔었지만 오른으로 큰 캐리는 할 수 없고 사일로 궁이 무효화되는 점등T1보다 플옵 준비하는 시간이 길었던만큼 지는 게임에서 보였던 단점들을 커버해서 이기기보단기존에 이겨왔던 패턴에 맞춰 게임을 풀어가려는벤픽패턴이 크게 3대 0이라는 결과를 가져오지 않았나 싶네요김정수 감독의 노림수와 벤픽이 그가 왜 명장임을 보여줬던 경기였던거 같네요
657,                임규민              ,13:25
658,                Pioneer              ,"김정수감독 ㄹㅇ 대단하다 그냥 딱 뭔느낌이냐면 꼬마감독도 물론 명장인건 반박의 여지가 없는데 꼬마감독은 약간 덕장쪽에 가까운 느낌이고 김정수감독은 팀을 어떻게 만들것인가에 대한 고민을 존나 많이하는게 느껴짐. 꼬마가 감독으로 있을땐 ‘후반만 가면 이겨’ 느낌의 밴픽이 많고 테디위주로 굴렸는데 김정수감독은 ‘우리가 후반이 강한건 맞는데, 그렇다고 너네한테 초중반을 지지는 않을껄?’ 느낌임 원딜 의존도가 꼬마감독일때보다 적어졌고, 전라인캐리가 가능하도록 팀을 만드는거같음"
659,                학원비로피씨방가는강성태              ,이런사람들이 군면제받아야지
660,                chw512              ,"T1 이 이렇게 잘하는데 왜 IG, G2 한테는 맥을 못출까요...?"
661,                하늘              ,키야 주모 샤따 내려어어~~!
662,                장재혁              ,"애초의 젠지는 픽의 의미를 1도 못살렸고 반대로 티원은 픽의 의미를 100%보여줬음.젠지는 1세트 정석조합 꺼냈고 초반 미드에서 삐걱대더니 코르키 바루스 화력못이겼고 2세트 이즈 원딜조합 짜더니 바텀 라인전 내내 밀려서 아무것도 못했고 3세트에선 1,2세트 초반에 라스칼이 계속 좋은모습 보여줘서 제이스로 굴릴계획이었던것 같은데 9분만에 제이스 3데스에 아펠 3킬먹고 탑에서 게임 찢어졌음."
663,                김현성              ,그래도 나는 젠지 가능성 봤음! 정글 오브젝트 부분만 보안하고 솔랭에서 보여준것처럼만 피지컬이 나온다면 1~2위 유지할 수 있는 강팀이라고 생각함 .. 너무 멘탈 깨져서 1.2세트는 흥미진진했는데 3세트는 그냥 .. 뭣도 못해보고 진거 같아서 아쉽! 멘탈관리 9년한 t1 페이커 한테 지는건 예상 했었음 t1팬이라 그런지 t1가 상대하기 좋은..그런 팀이랄까 운영과 패기에 말리기 쉬운팀 .. 응원합니당 티원 젠지 2등도 잘한거야아아아ㅏㅏㅏ 노관중이였지만 해설 위원님들이 전력을 다해서 해설해주셔서 존잼 이였습니다.
664,                김승연              ,"운영에서 젠지가 밀릴거라는 생각을 하긴 했는데 그냥 울프 말대로 전라인 압승해서 이긴게 맞음. 운영 콜 모든게 깔끔했고 클라이드가 티원만 만나면 힘을 못 쓰는거 같음. 페이커가 클라이드 성향을 너무 잘아는건가 클라이드 짤리는 상황 너무 많았고, 젠지가 실수 너무 많았다. 솔직히 밴픽도 좀.. 티원 팬이지만, 결승이라 비등비등한 경기력 보여주길 원했는데 3대0이라니.. 룰러가 버텨줘서 후반 바라봤던게 맞다. 룰러 안쓰러워서 어쩌냐.."
665,                고성훈              ,그냥 밴픽 기량 인게임 모든거에서 밀렸다 정규시즌 1위가 뭐가 대수야 결국 본선에서 잘하는 팀이 강팀이지
666,                정우성              ,"1세트 T1 밴카드 두개 없는 이유 평소 정규리그에서는 선수들 셋팅 등을 위해 경기 1시간 30분 전이 입장시간입니다 그런데 결승전이니만큼 5시 결승이지만 주최측에서 1시 30분 ""까지"" 출석을 요하였지만          T1 프론트측에서 평소처럼 1시간 30분 ""전""으로 받아들였데요 그래서 선수들은 3시30분까지인줄 알았고 그 시간차에 선수몇분들 지각하셨다고합니다. 그래서 라이엇 규정상에 따라 (정규리그 지각시 밴카드 1개 몰수, 플옵 이상 경기 지각시 밴카드 2개 몰수) 밴카드 몰수당했다고 합니다 밴카드 몰수당했음에도 불구하고 너무잘해준 T1 선수들 감사합니다 ㅎㅎ 젠지선수분들도 멋진 경기 보여주셔서 감사해요!!"
667,                유선우              ,13:27
668,                Huxley YOLO              ,Ez game
669,                김창희              ,오늘 봤는데 오늘 커즈 진짜 잘하드라
670,                Jihoon Jung              ,T1 NEVER LOSE
671,                site m              ,정글 해본 사람은 알거임 솔랭할때 정글이 존나 잘풀리는 게임이 한번씩 있는데 그런 게임을 되짚어 보면 공통점이 울팀 미드 탑이 잘해주는 판이 정글이 개 잘풀림 물론 이번 결승 보면 커즈 움직임 하나하나 다 살아있었고 폼이 최상이었음 여기에 페이커 칸나의 라인전 압박과 빠른 합류 등 여러 디테일적으로 커즈와 시너지가 발생해 엄청난 정글차이를 보인듯함 .. 여기서 바텀이 구멍나면 다 물거품이 될수 있는데 오히려 바텀이 상대를 찍어눌러서 결국 이러한 이유들이 벤픽을 떠난 플레이적으로 볼때  t1 5명 모두 젠지 5명을 압도적으로 찍어 누른듯한 경기력을 보여준게 아닌가 싶음
672,                김민성              ,Skt 결승 승리공식1.비등비등2.무난3.압도
673,                반지하녀              ,와역시 스크트.  그와중에계속 가운데자리지켜주는 페이커ㅜㅜ 너무멋있어..
674,                김Sseda              ,해설 그지같네 진짜 으아아악
675,                김성주              ,T1♥
676,                김승원              ,오늘 젠지한는 자신들의 장점인 미드정글 주도권을 강하게 잡아준다 이걸 밴픽에서 그냥 자기 자신들이 없애버림 커즈저격밴도 솔직히 왜 한건지 모르겠고 질리언을 해서 바텀 캐리력을 올려줄꺼면 바텀 주도권을 잡기 쉬운 픽을 해주던가 아니면 카운터픽을 했어야 하는데 그것도 아니고 자신들이 좋아하는 라인전 부터 굴리는 스타일을 버리고 왜 중후반 까지 무난하게 가야하는 밴픽을 한건지 진짜 오늘 젠지패배 요인중 50%는 밴픽전략차이이라고 생각함
677,                a ng              ,젠지는 초반엔 색을 좀 바꾼것같더니 아직도 드러눕기식으로 가냐? 왜 항상 같은색깔만 고집하고 같은 패턴으로 지는걸 반복하는거지 진짜 보고도 skt가 이길만 했고 그만큼 젠지는 경기력도 벤픽도 모두다 하락했다. 강팀을 잡아야 진정한 강팀이지 약팀만 잡는건 약자멸시밖에 안돼 제발 정신좀 차리고 제 기량들 회복했으면 좋겠다.. 후반와서 정글도 원딜도 잔실수 많아지고 초반에 압살하는 특색도 사라지던데 한화한테 진게 우연이 아니야 마인드를 바꿔먹어 좀..
678,                김민혁              ,"오늘 결승전 소감 젠지는 전형적인 룰러키우기 T1은 상체가 쌘 사일,코르키를 먹고 테디에게는 안전하게하는 원딜챔프를 주는게 전력이였건거 같음(김정수감독님이 2라젠지전에서 썻던 조합을 한번더 해봄)개인적으로 젠지가 룰러키우기를 했다는것에 나는 젠지에게 실망했다..라스칼,비디디한테 오른,질리언을 주고 원딜 이즈리얼을 시키는게 말도 안됨 차라리 젠지가 블루 사이드를 먹고 룰러 포킹바루스 시키고 미드 탑에게 클템님도 말씀하신 비디디 에코 , 탈리아 , 르블랑 라스칼은 제이스 이런거를 쓸 생각을 하면 최소 일방적인 경기는 아니였을거임 엠비션님이 오늘 온라인중계 인터뷰에서 비디디차이라는 말을했는데 ㄹㅇ 비디디차이였음 캐리력넘치는 선순데 질리언을 쥐어주는게 말이냐고...참고로 나는 티원골수팬임 근데 경기보면서 젠지에게 너무 실망쓰러웠다 젠지의 그런 포스는 온데간데없었다 , 물론 결승이 처음이라 그럴수있을수도있다 , 근데 나는 젠지의 실력이 아니라 준비력에 실망을 받았다는것을 말하고싶었다 젠지는 아마 2경기 t1의 바론을 막을때부터 멘탈이 박살난거 같았음 그 바론이후로 판단이 안생김 3경기는 말할것도 없고.. 그래도 준우승란것은 대단한것이다 오늘 경기에서 진 젠지는 분명 얻어가는것이 있을 것이고 섬머때 더 강해져온 젠지를 만나고싶다T1 Gen.G 모두 수고하셨습니다"
679,                학준              ,1등이다..
680,                Nghi Le              ,Pelu champions 😂😂😂
681,                난모르겠다              ,Skt t1Clid
682,                Injik T1              ,Lck의 절반을 우승하네 한팀이 ㅋㅋㅋㅋㅋㅋㅋㅋㅋㅋㅋㅋ 9회
683,                불꽃남자상훈              ,칸나 뇌절..흠.. 조금 더 사려야될듯
684,                Clone_Coding              ,3대떡..? DRX 재평가시급;;
685,                SH              ,Victory 9
686,                M Rafky S              ,Faker : All I do is Win Kkona
687,                곽철용              ,롤판도 너무 고였다 새로운팀 새로운인재 안나오냐 너무노잼
688,                성이름              ,배신자 처단
689,                Yong-su Kim              ,해설... 시끄러워서 뭔소린지 들리지가 않아.. 소리지르는건 1명이면 충분하잖아..?
690,                김성훈              ,"그냥 오늘 모든 라인이 T1이 우세하더라 심지어 감독,코치까지... 젠지 경기력에 조금 실망스러웠고 오늘 경기로 젠지는 약강강이라는 생각이 약간 듬... 반면에 T1은 정규시즌에 젠지를 전부 잡은게 우연이 아니란걸 증명해버렸지 ㅠ 되게 비등비등하고 재밋는 경기를 기대했는데... 써머때는 젠지가 강팀다운 면모를 잘 보여주길 ㅠㅠ"
691,                dlrkfka2              ,LEGENO NEVER DIE
692,                김명준              ,LEGENO NEVER DIE
693,                얌마Uru              ,정말알수없는게 T1인듯..하지만 이번결과만봐선 롤드컵 존망인듯지금 경기력으론 4강이 최선인듯LCK는 더노력하길T1우승축하해요~~
694,                이Brad              ,이번 롤드컵도 글렀다 이렇게 드루누워서야 뭐하누 하
695,                자의              ,그리고 그브를 가져가면 킨드레드를 가져가야지.. 렉사이를 왜가져감.. 그브 조질려면 킨드레드밖에없음 렉사이는 원딜형 정글러한테 밥이라 힘듬
696,                새벽달팡이              ,3세트부터 아예 젠지팀은 눈가가 붉어서 마음이 좀 안 좋았음ㅠㅠ 빛이 있으면 그림자도 있다고... 티원이 이겼지만 왠지 마음은 무거웠습니다. 두팀 모두 수고많았아요!+예전엔 준우승도 상금수여식 했던거같은데 아닌가요?
697,                ᄒᄋᄒᄋ              ,LEGENO NEVER DIE
698,                나코              ,진짜 lck해설 ㅈㄴ듣기싫다
699,                Sw J              ,이번년도 skt t1 기인 기대했지만 안돼고 로치라 걱정했는데 칸나가 skt의 탑을 잘 메꿔줘서 다행이다.언젠가 페이커 은퇴하면 t1미드는 쵸비로 기대하고있다.
700,                의사양반              ,결승전이 아니라 그냥 T1이 하위팀 상대로 농락한 것 같다
701,                alex alekayy              ,Los comentaristas te hacen sentir la partida
702,                금개마              ,칸나가 칸이랑은 다른느낌으로 잘한다. 칸처럼 개쩌는 느낌 그런건 없지만 훨씬더 안정적이고 이때다 싶을때 본인할거 이상으로 팀에기여한다.
703,                Turtle Bread              ,Faker is the youngest and oldest midline winner in LCK.
704,                이유준              ,개노잼
705,                박사독고              ,근데 칸나는 존나 못한다. 결승전에서 버스만 타네
706,                나는야 나우르              ,이건 T1의 우승을 축하해야 하는 게 맞긴 한데... 이 정도면 솔직히 LCK는 망한 것 같다.
